Name,Last_name,Id_number,Phone_number,Addres,Comments
Andriana,Newcomen,1,255-686-9104,511 Blue Bill Park Pass,Qintong
Chad,Whitsun,2,682-231-7573,0259 West Alley,Iballë
Austine,Daffey,3,557-293-2492,309 Barnett Avenue,Wintzenheim
Tildie,Byford,4,163-704-9783,27 Westridge Center,Rawa
Samson,Byk,5,142-741-6832,8 Heffernan Court,Al Buq‘ah
Brier,Coyett,6,866-724-1726,99444 Farragut Alley,Horad Pinsk
Dorey,Dunderdale,7,533-427-7501,9200 Anderson Court,Chenxikou
Stormy,O' Cuolahan,8,269-952-0705,37997 Kennedy Circle,Cayambe
Nina,Blacksland,9,836-917-8234,403 Clemons Road,Marzhing
Minetta,Clarae,10,447-819-0435,72824 Nevada Road,Matagami
Odie,Bracken,11,409-862-4471,85 West Lane,Lao Suea Kok
Mady,Spofford,12,853-343-5563,44 Corben Court,Sekondi-Takoradi
Georges,Stearn,13,134-553-0683,87 8th Drive,Krong Pi Nang
Kelby,Littley,14,147-663-3208,02 Brickson Park Street,Mingfeng
Staford,Barsham,15,379-196-5151,07133 Starling Circle,Daleman
Erskine,Derrick,16,779-796-4202,2 Moulton Center,Vallehermoso
Worthington,Kentish,17,754-449-5715,89105 Roxbury Drive,Yirshi
Michaeline,Jaszczak,18,582-298-8032,21 Donald Circle,Mocímboa
Cary,Tompkinson,19,280-505-4655,0 Merchant Trail,Växjö
Rodrigo,Spadeck,20,145-602-6545,8155 Onsgard Crossing,Brie-Comte-Robert
Anabella,McKinless,21,980-664-1192,19431 Lukken Junction,Piura
Shirlene,Roberti,22,982-763-9519,24 Washington Plaza,Nagoselo do Douro
Abie,Hrinishin,23,522-769-6178,220 American Ash Alley,Ubatuba
Nero,Corstan,24,102-632-2992,17649 Northport Alley,Wantan
Dehlia,Sillis,25,749-510-7281,729 Everett Junction,Novoarkhanhel’s’k
Erik,Bauduccio,26,311-916-1365,7045 Lighthouse Bay Point,Bay Roberts
Hadlee,Kemsley,27,219-322-2074,5 Elmside Center,Palla
Gwynne,Lindsell,28,715-787-7231,0 Judy Drive,Meiyao
Fionna,Belding,29,184-811-4086,82855 Michigan Pass,Xilaiqiao
Consuelo,Battista,30,392-662-2213,5748 Tomscot Center,Drammen
Yolanthe,Week,31,636-383-8614,15633 Commercial Parkway,Oni
Granville,Betser,32,778-357-6304,19065 Buell Drive,Nanton
Ashlan,Beardwood,33,677-588-5271,94154 Grayhawk Way,Mashan
Addison,Kleinert,34,580-648-6535,8 Ridgeview Hill,Granica
Ezekiel,Govenlock,35,163-716-6177,92 Oneill Plaza,Bhamdoûn el Mhatta
Eamon,Fagan,36,780-635-0317,041 Schiller Hill,Douentza
Andreas,Frantsev,37,872-620-1962,50 Birchwood Trail,Ratenggoji
Neil,Chesher,38,407-381-7700,34387 Northport Avenue,‘Awaj
Nikola,England,39,790-859-1060,129 Forest Run Circle,Oslo
Karalee,Petegrew,40,438-269-1653,6 Montana Avenue,El Guapinol
Sybyl,Scole,41,253-219-0490,60 Briar Crest Court,Panenggoede
Loretta,Coltart,42,731-388-7984,619 Canary Circle,Cuito
Jessie,Elcomb,43,211-207-6804,21308 Burrows Place,Gagah
Kassie,Dannett,44,207-720-9375,9 La Follette Junction,Igede-Ekiti
Annaliese,Morrowe,45,720-441-7252,21 Surrey Pass,Baiima
Bendix,Stannion,46,817-172-8281,14 Grim Park,Sámi
Leanora,Clack,47,589-200-0355,80119 Nova Park,Trongsa
Faun,Bubb,48,861-590-4734,4318 Nobel Trail,Lolodorf
Gabie,Jenckes,49,244-488-6050,2 West Park,Trà My
Dewitt,Bradforth,50,518-464-2645,09029 Shelley Parkway,Alqueva
Shurlock,Recke,51,264-929-3005,24681 Dayton Court,Uddiawan
Irma,Stovold,52,900-609-1841,771 Lien Park,Agualote
Katti,Sidry,53,382-387-4553,80 Graceland Center,Poissy
Deeanne,Bickerstaffe,54,685-573-0713,83 Orin Road,Urzuf
Dael,Wace,55,424-739-5928,535 Dunning Center,Abengourou
Casey,Cantero,56,605-762-0132,32531 Little Fleur Point,Vári
Lorna,Chambers,57,294-962-5395,5840 Dahle Place,Kai
Brynne,Naisey,58,420-887-2221,3741 Mcguire Way,Orlovka
Madlin,Largen,59,509-435-3015,11997 Fairview Crossing,Urek-urek
Cleavland,Swabey,60,713-206-0639,9867 Oneill Crossing,Shanxi
Axe,Kaygill,61,615-509-2999,24061 Daystar Trail,Bulihan
Bettina,Kerby,62,588-578-5376,72 Evergreen Road,Châlons-en-Champagne
Karel,Virgin,63,970-946-7750,2 Shelley Junction,Sydney
Elka,Urry,64,922-320-2472,797 Doe Crossing Plaza,Ijero-Ekiti
Madelle,Suche,65,234-891-4659,60979 Shoshone Trail,Fifi
Berni,Davidowich,66,570-978-5360,5542 Ryan Trail,Corumbá
Malvin,Pavlovsky,67,465-149-2450,3395 Crescent Oaks Point,Biancheng
Rayshell,Comini,68,631-384-3832,82238 Old Gate Point,Águas de Lindóia
Jeanelle,Urvoy,69,785-505-9863,5857 Stoughton Crossing,Semeljci
Lenci,Abbie,70,933-991-2082,5961 Northland Road,Olofström
Jannel,Hercules,71,542-256-5920,6 Kensington Way,Balas
Selene,Looney,72,167-177-6194,6 Service Trail,Prozor
Brien,Buscher,73,630-657-6869,1 Kropf Circle,Jelat
Ebeneser,MacElane,74,679-436-7235,067 Di Loreto Park,Wenwuba
Adrianne,le Keux,75,716-970-2747,948 Armistice Road,Nueva Loja
Kelci,Wathall,76,176-966-0442,73080 Northview Street,Brive-la-Gaillarde
Maribel,Otterwell,77,712-522-8706,71 Monterey Circle,Shulan
Ariel,McNeely,78,810-571-7927,14 Talisman Center,Vitória da Conquista
Kalle,Umney,79,735-619-5512,79 Milwaukee Road,Mari
Renie,Alejandri,80,192-558-2446,69 Waywood Center,Raków
Addia,Getten,81,103-443-5921,6377 Bluejay Court,Caramanta
Erny,Pincked,82,852-715-4413,4 Logan Trail,Debrzno
Verina,Hunnisett,83,291-437-2662,522 Heath Avenue,Coelho Neto
Mercy,Ditchfield,84,763-844-7654,6 Carey Drive,Santa Cruz del Sur
Berton,Roskrug,85,829-219-7189,800 Waxwing Trail,Śniadowo
Abram,Cicculi,86,742-322-6855,14 Gulseth Point,Caruaru
Melisent,McCartan,87,816-377-3030,71 Jenifer Court,Hudai
Benny,Cristofari,88,924-733-5130,50 Summit Circle,Krasae Sin
Delphine,Matitiaho,89,110-554-0953,3040 Mariners Cove Lane,Bent Jbaïl
Jordain,Bedminster,90,317-434-0198,64271 Nova Pass,Indianapolis
Iosep,Coytes,91,576-954-9459,44928 Eastwood Court,Castelsarrasin
Tonye,McGhee,92,225-397-3039,8 Acker Place,Baton Rouge
Anne,Scutchin,93,542-746-7730,6 Scott Point,Rentian
Zachary,Belward,94,108-410-4527,1926 Fordem Drive,Dagestanskiye Ogni
Eartha,Huxham,95,257-394-2927,8355 Randy Drive,Yangzi
Ciro,Kett,96,250-849-8394,4050 Bultman Point,Nepomuceno
Cinnamon,Balfe,97,272-759-9197,364 Oakridge Road,Wielka Nieszawka
Moyra,Upson,98,502-993-5282,4620 Elka Road,Frankfort
Rachelle,Castaner,99,405-425-8361,355 Chinook Hill,Jardim do Seridó
Patric,Ratcliff,100,338-535-5414,742 Maryland Plaza,Chernivtsi
Jessy,Claricoats,101,862-736-7894,7060 Corry Center,Sambonggede
Rodney,Harlin,102,844-297-8409,1454 Fuller Parkway,Paris La Défense
Dorene,Stilliard,103,972-649-0793,3 Hanover Lane,Fermelã
Gaylord,Parsley,104,916-799-3812,3294 6th Street,Regimin
Marketa,Tanzer,105,550-795-2524,4383 Trailsway Trail,New Westminster
Fraze,Dyott,106,342-544-9887,00579 Mifflin Crossing,Chuntai
Graehme,Tune,107,824-535-9360,6 Straubel Court,Chapultepec
Jeramie,Day,108,809-306-8750,43 Lakewood Pass,Le Mans
Debora,Poulden,109,153-368-4859,14 Elmside Court,Tomohon
Jerrie,Dinzey,110,156-384-0987,3369 Everett Road,Vailoatai
Tracy,Fishe,111,452-739-0912,06 Lunder Alley,Przewóz
Corina,Lechmere,112,822-316-4748,63 Stoughton Parkway,Joal-Fadiout
Zelma,Van,113,268-876-9198,6 Hoepker Pass,Timashëvsk
Elora,Rossbrooke,114,875-819-2347,74749 Jana Parkway,Almenara
Andrea,Narey,115,862-512-5466,7033 Ryan Drive,Maple Ridge
Zackariah,Riping,116,647-737-8946,421 Bultman Parkway,Tuchoměřice
Dulcinea,Woodings,117,473-725-9450,4325 Debs Center,Xinghuo
Gordy,Clunie,118,746-529-1807,7 Dwight Trail,Antrukan
Amos,Lancetter,119,422-522-6179,152 Badeau Park,Shilovo
Vale,Fraschetti,120,897-315-3114,56779 Dorton Avenue,Xinquansi
Rodd,Pownall,121,196-936-8660,528 Loeprich Circle,Konārak
Marc,Jobbing,122,482-448-4399,47 Vernon Avenue,Ovacik
Misty,Tiltman,123,180-628-0812,38 Mayer Lane,Barbosa
Silva,Reardon,124,937-190-6722,8695 Mallory Drive,Żabbar
Emmi,Irnys,125,197-465-6078,14017 Gina Crossing,Lakhdenpokh’ya
Jeremias,Barby,126,456-848-4827,9866 Corry Parkway,Oeleon
Miof mela,Elwood,127,851-987-5489,6 Dapin Drive,Tabor
Bobine,Lintott,128,370-452-7930,57245 Basil Court,Binjiang
Darbie,Varran,129,166-338-3379,73717 Jenna Street,Laholm
Colver,Schubert,130,841-225-0815,77 Golf Alley,Borås
Joline,Casebourne,131,467-367-8028,9400 Homewood Parkway,Hatavch
Bevvy,Whittleton,132,361-643-7282,23 Helena Point,Tentúgal
Tiffie,Braksper,133,780-518-5316,6412 6th Center,Xipu
Garvy,Boycott,134,606-844-5400,991 American Ash Trail,Zongzhai
Mercie,Hardi,135,334-402-5379,2212 Welch Street,Chinoz
Culver,O'Crotty,136,795-261-4183,85 Raven Trail,Almafuerte
Friedrich,Paige,137,502-647-7228,220 Knutson Crossing,Rabat
Ashien,Sturley,138,814-225-7366,59157 Continental Trail,Erie
Cletis,Thorbon,139,351-476-9517,62 Paget Way,Alca
Terencio,Devereux,140,532-985-9848,8392 Bartillon Pass,Yushu
Frannie,Crang,141,369-809-9325,81583 Kennedy Way,El Quebrachal
Wynn,Gulleford,142,577-723-4771,8 Hollow Ridge Pass,Ostroměř
Dunstan,Rhelton,143,905-271-5279,34 Linden Place,Jindong
Bill,Henri,144,751-905-7983,028 Northfield Junction,Al Farwānīyah
Seka,Mangenot,145,626-754-2692,670 Moulton Lane,Khuzhir
Blinnie,Nornasell,146,941-478-3110,17348 Katie Court,Ashikaga
Ave,Awmack,147,845-954-0130,702 Stoughton Terrace,Zhongzhai
Casie,Sandercroft,148,445-151-6319,98 Harbort Center,Lidzbark
Gaspard,Siegertsz,149,711-191-9366,66 Oneill Place,Ełk
Shaun,Toon,150,909-981-7238,028 Helena Court,Ozherel’ye
Torry,Biernacki,151,688-955-7891,4571 Lake View Crossing,Coxim
Kelvin,Ronan,152,538-777-2081,60 Blaine Plaza,Cárdenas
Yvon,Greggor,153,244-595-5956,683 Carberry Alley,La Esperanza
Scott,Whitebrook,154,739-846-6523,4298 Vermont Point,Kaoma
Roma,Dulany,155,692-934-2707,8163 Moose Alley,Stenungsund
Isabelle,Hornung,156,793-212-8681,08 Kennedy Lane,Kesheng
Tremaine,Briston,157,543-209-3364,61042 Center Avenue,Cheremnoye
Marina,Paulillo,158,794-810-9510,11857 Jay Street,Calingcing
Werner,Pitrasso,159,762-851-1024,7141 Miller Drive,Pyrgetós
Francyne,Witchell,160,157-378-7801,4579 Farwell Street,Fengle
Tina,Gludor,161,586-766-5923,856 Sage Road,Bang Racham
Lezley,Lowder,162,537-738-9780,608 Brown Parkway,Balzan
Diane,Thieme,163,274-855-0583,6855 Hoffman Court,Pagsanahan Norte
Vasily,Piscopello,164,655-464-9651,38 Donald Avenue,Xiamayu
Berton,Eddins,165,868-496-7785,66 Northwestern Place,Kokar
Philomena,McTurley,166,372-756-2674,063 Macpherson Court,Sumqayıt
Kent,Nerval,167,238-982-1538,3045 Corscot Circle,Hödrögö
Hobard,Maggi,168,759-108-1564,15 4th Drive,Sukasari
Minny,Wilshaw,169,100-771-7265,6 Norway Maple Avenue,Zambrów
Jeana,Burburough,170,623-479-8623,9 Loeprich Circle,Dulangan
Rolando,Chalcraft,171,363-611-5758,2 Hoepker Point,Krajan Tanjungrejo
Loretta,Yankov,172,688-249-8469,01847 Bobwhite Hill,Elektrėnai
Kara,Longhurst,173,674-834-7668,4 Ronald Regan Terrace,Pszczew
Kissiah,Clulee,174,883-571-6515,62 Northwestern Hill,Kīevka
Gan,Cahani,175,715-515-4871,55815 Shelley Place,Gumuk Tengah
Concordia,Lait,176,397-477-5072,8357 Hansons Alley,Parfino
Roanne,O'Roan,177,468-200-9501,57 Reindahl Way,Mentaraman Satu
Lucita,Meriot,178,560-541-0680,1 Corry Crossing,Vília
Hinze,Albone,179,651-943-5867,66 Summer Ridge Center,Pregonero
Wendell,Mattholie,180,759-238-1152,7736 Hoard Lane,Quinjalca
Louisette,Fillimore,181,551-831-3746,95768 Magdeline Circle,Ambovombe
Mitchael,Emps,182,574-213-0505,32058 Stephen Plaza,Hashtpar
Dalila,Martynikhin,183,673-382-2079,9407 Summerview Circle,Aix-en-Provence
Delly,Neeson,184,215-547-9364,32 6th Circle,Qingzhou
Malvin,Laughrey,185,929-840-0836,0 Maryland Junction,Bang Ban
Melita,Ahlf,186,280-249-1024,988 Golf Park,Lunec
Gill,Fincham,187,239-519-7182,3435 Briar Crest Circle,Al Ḩāḑir
Marsiella,Mushrow,188,706-991-5561,8 Florence Terrace,Kamyzyak
Marta,Dallaghan,189,323-676-1789,79889 Mandrake Center,Puerto San José
Jolee,Bate,190,272-938-4596,75576 Doe Crossing Lane,Tapan
Monte,Verni,191,285-235-1606,912 Morrow Place,Maubin
Laureen,Finkle,192,224-194-9439,2 Havey Lane,Jiadingzhen
Esme,Ubsdall,193,524-211-9741,170 Quincy Hill,Smach Mean Chey
Abbie,Naulls,194,786-871-0066,3 Ohio Crossing,Fantino
Reiko,Mussington,195,136-638-0699,350 6th Junction,Lue Amnat
Johnathon,Lilleycrop,196,693-442-2342,0 Dawn Avenue,Ostrov
Meridith,Iliff,197,502-226-1163,35109 Oxford Drive,Buenos Aires
Cassi,Saltsberg,198,383-115-0434,215 Gale Drive,Turba
Gustaf,Powelee,199,707-734-9657,48 Moland Drive,Tunja
Florencia,Harries,200,374-423-3091,42 Melody Way,Shuangwang
Brien,Lightowler,201,867-122-2405,9 Hollow Ridge Avenue,Krajan
Deeann,Holson,202,326-708-6478,04 Burning Wood Park,Saint-Dizier
Agustin,Gosselin,203,893-632-5324,63710 Loomis Junction,Itaitinga
Hubie,Salatino,204,304-200-5800,51933 Marcy Place,Omsk
Anne-marie,Budge,205,382-212-5735,1399 Stone Corner Crossing,Petaling Jaya
Correna,Lehrle,206,126-500-9711,6 Pearson Point,Dian-ay
Judie,Swinnard,207,512-371-7370,2056 Mosinee Lane,Gaide
Valentino,Baskeyfied,208,209-882-8249,23352 Londonderry Trail,Székesfehérvár
Marlon,Bunting,209,810-560-1444,049 Burning Wood Court,Klukeng
Alaric,Covell,210,801-906-5951,1 Del Sol Terrace,Wulan Hada
Leonanie,Plowright,211,919-934-1738,283 Crescent Oaks Street,Durham
Darline,Whaley,212,957-233-1512,17 Warner Drive,Cherbourg-Octeville
Ortensia,Kennea,213,536-548-3715,575 Rowland Lane,Irahuan
Alexandros,Self,214,349-571-2913,9952 Elka Lane,Jambubol
Merline,Genever,215,838-596-2234,90140 Glacier Hill Lane,Veracruz
Gloria,Gillicuddy,216,979-612-3931,5 Mitchell Drive,Jagüey Grande
Hernando,Espina,217,976-923-1501,9040 Oxford Drive,Sena
Sioux,Seaborne,218,749-629-2720,628 Eastwood Point,Ji’an
Harmony,Sifflett,219,711-567-0454,03391 Bluestem Way,Itamaraju
Thornie,Davidsen,220,857-328-3975,46 Pleasure Terrace,Valle de Guanape
Egon,Culpan,221,626-205-3805,7461 Debs Terrace,Stetseva
Julius,Rulton,222,393-847-2295,1954 Westridge Junction,Gunjur Kuta
Allegra,Jankovsky,223,643-263-4093,15 Oxford Avenue,Aipe
Rhody,Seadon,224,799-984-0851,8730 Packers Park,Dumaguete
Cynde,Tacon,225,464-115-1698,61 Farragut Trail,Melissochóri
Luce,Stych,226,351-512-9771,40 Armistice Court,Peseng
Brod,Pardie,227,942-608-8077,23 Florence Avenue,Partenit
Boonie,Figgess,228,729-118-9734,03380 West Plaza,Göteborg
Randy,Duffit,229,799-506-1203,6 Pearson Street,Diriá
Paul,Lammin,230,754-578-9250,1619 Muir Way,Onzaga
Kellia,Vankin,231,837-261-8649,46 Scoville Court,Smedjebacken
Jacintha,Pacitti,232,909-560-5829,6 Kensington Hill,Oslo
Tadeas,Feldberger,233,656-945-2783,14325 Gateway Way,Los Patios
Raf,Joanaud,234,253-641-5993,27989 Walton Avenue,Olympia
Moria,Peasegood,235,134-135-0247,8 Petterle Circle,Quillo
Gail,Bakes,236,413-639-7553,37 Elka Court,Baizhifang
Kory,Dri,237,429-767-8261,9 Elka Court,Dajasongai
Amelina,Wiles,238,632-689-1346,0578 Anniversary Hill,Heihe
Abraham,Jennaway,239,900-750-8131,1705 Hollow Ridge Point,Miras
Richmond,Munton,240,923-928-2801,29709 Buell Circle,Josefina
Barbette,Arrighi,241,849-310-7176,2 Kim Parkway,Tucheng
Bridie,Arunowicz,242,586-170-0509,58 Bashford Place,Alor Setar
Susannah,Gilpillan,243,273-523-8882,835 Ridge Oak Park,Lidong
Sada,Yardy,244,299-805-4580,977 Main Street,Ganshui
Thibaut,Wilshin,245,404-721-4331,59401 Bartillon Trail,Atlanta
Lynnette,Caras,246,245-317-7468,952 Coolidge Circle,Jönköping
Lukas,Folliss,247,696-284-5188,87367 Marquette Point,Newport
Desiree,Metrick,248,674-264-4160,07 Village Green Center,Puputan
Dallon,Folliss,249,129-749-1868,6 Lindbergh Lane,Xuedian
Peter,Biskupski,250,808-176-4688,89 Butternut Place,Mancha Khiri
Werner,Gorner,251,687-242-3385,74589 Walton Court,Kiihtelysvaara
Evelyn,Tukely,252,667-563-8673,21 Sunfield Junction,Arklow
Paulita,Crush,253,437-154-4367,43 Lyons Park,Zhenlai
Mattie,Cranage,254,559-983-4257,3740 Tennyson Center,Kista
Oralla,Faithfull,255,278-222-4040,573 Anthes Pass,Munsan
Michele,Wakefield,256,597-717-4505,2 Melvin Road,Changxingbao
Jeff,Verrick,257,776-165-1465,103 Linden Park,Tangga
Joyous,Duncan,258,854-333-3352,4636 Jackson Junction,Sukowiryo
Jo ann,O'Kinedy,259,170-121-4717,0468 Atwood Crossing,Dao
Brigitta,Fredy,260,739-675-9149,57182 Village Green Plaza,Sexiong
Johnnie,Creamen,261,297-228-5375,0 Bayside Terrace,Đắk Hà
Leeanne,Moses,262,183-106-3478,62 Elmside Park,Banatski Despotovac
Julia,Ricardou,263,810-971-3675,72999 Anhalt Lane,Kazanskaya
Ralina,Kaygill,264,913-736-1191,130 Fair Oaks Alley,Grindavík
Jesse,Nattriss,265,102-824-5536,86988 Reindahl Road,General Luna
Prue,Peachey,266,641-151-8814,614 Old Shore Park,Barueri
Cassey,Danilyuk,267,481-536-5153,2 Helena Point,Liancheng
Cesare,Hamlen,268,936-644-3880,9718 Thierer Park,Karangori
Clair,Daton,269,949-799-5577,4 Quincy Crossing,Lichtenburg
Sigfried,Helsdon,270,145-300-6952,408 Center Circle,N'Djamena
Dusty,Everington,271,545-838-2980,5 Buena Vista Way,São Carlos
Pierre,Schreurs,272,560-786-6649,24299 Anzinger Hill,Tanrake Village
Durante,Dearlove,273,110-629-1785,16794 Farwell Road,Zhujiatai
Moreen,Tacon,274,691-864-5271,1 Troy Street,Mandeman Daya
Theresita,Morphet,275,951-420-0603,4 Crest Line Road,Melgar
Ambrosius,Donnellan,276,941-599-6977,669 Sutteridge Avenue,Xilinji
Ludovika,Gilchrest,277,756-259-0190,70798 Cascade Park,Rancaseneng
Forest,Axon,278,736-288-0442,0 Russell Park,Kumo
Alexis,Simonato,279,370-107-3239,9291 Kipling Terrace,Lakhdenpokh’ya
Trueman,Moran,280,932-569-8074,91 Packers Junction,Qīrah
Lamont,Clitherow,281,566-123-8634,5622 Bellgrove Junction,Mandi Bahāuddīn
Lonee,Beacham,282,298-780-5854,028 Stone Corner Way,Alibunan
Meghan,Ney,283,432-723-8093,08 Lakewood Gardens Junction,Poja
Lacy,Abrahamowitcz,284,765-741-6630,6710 Mendota Junction,Hatton
Jodie,Kirtley,285,287-197-2039,1 Prairie Rose Center,Pereira
Evaleen,Thinn,286,215-614-8582,255 Maple Avenue,Krasnogorskoye
Silvano,Ciobutaru,287,792-849-5926,2084 Bluejay Pass,Lundazi
Shaun,Jude,288,604-271-9508,907 Kensington Junction,São Manuel
Cosette,Elliott,289,935-638-3197,959 Jenna Trail,Polloc
Bordy,Prawle,290,137-500-8284,69 Sycamore Pass,Lentisqueira
Demeter,Lander,291,633-488-4674,431 Arkansas Alley,Yihe
Jeni,Abels,292,226-733-1703,9 Carey Place,Nowy Dwór Gdański
Jaquenette,Pude,293,677-909-9550,3 Fulton Park,São Bartolomeu
Cornell,Cassedy,294,473-740-9302,68578 Sunfield Way,Tumbagaan
Shelagh,Usborn,295,601-622-9720,1641 Bluestem Park,Miao’ergou
Revkah,Antrim,296,774-730-6155,49 Old Shore Alley,Sambonggede
Sheelagh,McArdell,297,663-108-0762,66281 Spohn Alley,San Pedro de Macorís
Birch,Gideon,298,520-339-7676,9 Forest Street,Horní Štěpánov
Denver,Downton,299,825-134-7966,52 Arapahoe Place,Ukata
Thomas,Insley,300,501-307-8289,8 Dwight Center,Baras
Thorn,Jedrzejkiewicz,301,686-978-4966,17063 Warbler Avenue,Marks
Vinny,Calverd,302,210-987-4597,2373 Ludington Avenue,Bīr Nabālā
Antin,Jaulme,303,561-376-5765,57545 Graedel Trail,Wotsogo
Roch,Dornan,304,529-121-4043,68 Logan Alley,Sann
Joletta,Labone,305,827-798-5686,931 4th Place,Cibitungmasjid
Alessandro,Franken,306,383-530-8060,54 Pine View Avenue,Xiaogang
Stavros,Avrashin,307,794-300-2797,71 Service Trail,Aigínio
Kameko,Gildea,308,524-114-9863,19 Walton Terrace,Chư Prông
Zachary,Belmont,309,927-366-2524,5836 Quincy Park,Svedala
Jo-ann,Vauls,310,331-122-1653,5 Messerschmidt Center,Zyukayka
Scott,Trodd,311,899-820-5502,83 High Crossing Trail,Ngô Đồng
Brian,Minero,312,109-753-1344,30 Autumn Leaf Avenue,Anding
Josey,Ciccottio,313,304-714-8876,19208 Little Fleur Avenue,Daru Rilwan
Shanan,Readwin,314,504-483-7460,2 Lyons Parkway,Brampton
Erda,Phillis,315,528-417-4078,169 Hallows Park,Stupari
Vinnie,Scottrell,316,311-705-5363,14477 Crowley Avenue,Sanjiao
Jeanette,Stride,317,570-104-3176,371 Sachs Avenue,Wilkes Barre
Andeee,Longlands,318,578-159-6149,86 Huxley Pass,Karangdawa Barat
Chantalle,McCallam,319,125-723-3012,4124 Luster Crossing,Damietta
Byron,Gooden,320,520-641-5011,2789 Springview Avenue,Tucson
Chancey,Silverman,321,466-248-9036,25 Steensland Trail,Pantenan
Jobye,Mealiffe,322,662-395-7135,74 Commercial Pass,Piúma
Alanson,Sambles,323,406-229-2202,4 Gerald Court,Rovensko pod Troskami
Allx,Chancellor,324,559-704-3307,45 Moulton Trail,Glinka
Merrilee,Terrazzo,325,427-157-4749,1151 Novick Avenue,Herāt
Gretel,Marler,326,681-923-9708,08602 Coleman Junction,Sandnes
Farrand,Avrahamoff,327,930-123-9956,12 Mitchell Center,Chư Ty
Eamon,Hedingham,328,694-503-2269,534 Maryland Avenue,Koz’modem’yansk
Breena,Di Pietro,329,620-702-5285,2368 Butterfield Crossing,Paseh
Pietra,Linguard,330,426-876-4153,19873 Declaration Trail,Nozdrzec
Kenyon,Hardin,331,440-817-1848,859 Melvin Pass,Sarukhan
Tannie,Kingsmill,332,607-849-3863,3 Hallows Road,Cauday
Nappy,Fishly,333,192-754-6489,69231 Pine View Park,Jevremovac
Margaretha,Filipponi,334,636-913-9546,1088 Onsgard Avenue,Lumbardhi
Jake,Byard,335,224-107-7807,098 Leroy Junction,Marcq-en-Barœul
Adah,Gritsunov,336,440-634-3266,07 Memorial Junction,Ngetkib
Loren,Pentelow,337,676-907-0686,4188 Oxford Point,Merdeka
Robinet,Gobeau,338,648-492-2612,63 Hanson Circle,El Mirador
Michel,Siggery,339,877-644-2635,0158 Cardinal Drive,Hongchang
Keven,Clatworthy,340,471-468-9460,003 Maywood Road,Salgueiro
Tawsha,Blanchet,341,182-189-1793,63 Farwell Terrace,Vilppula
Gaby,Simonelli,342,141-418-3289,5 Tomscot Center,Gambēla
Mattie,Molines,343,944-741-1547,369 Dixon Park,Sukadana
Hermann,Conlon,344,862-433-5975,64 Katie Circle,Pondokdalem
Teodora,Gerault,345,964-380-6897,7473 Hollow Ridge Avenue,Al Ghizlānīyah
Clarie,Bedells,346,923-163-6042,69652 Harper Court,Dianqian
Tobe,Salerg,347,860-690-8538,6738 La Follette Lane,Tvrdonice
Sammy,Avard,348,350-550-1175,5 Manufacturers Road,Dalai
Nyssa,Rodman,349,726-837-6120,6 Red Cloud Avenue,Al Manshāh
Tabbitha,Kocher,350,581-725-5443,212 Schlimgen Street,Kungshamn
Blanche,Ball,351,187-176-1675,702 Butterfield Avenue,Sanqiao
Angeline,Abba,352,382-802-2507,6474 Warbler Place,Głuchów
Boniface,Emeny,353,346-476-3457,09 Mcguire Street,Świeradów-Zdrój
Norman,Maggs,354,345-383-3722,8293 Colorado Pass,Pregradnaya
Ailbert,Baulcombe,355,349-203-0437,93 Monument Crossing,Dundbürd
Creighton,Westoff,356,828-138-6834,68495 Mayer Street,Lupane
Bernardina,Buckenhill,357,670-495-1215,6 Carioca Court,Patía
Zebedee,Petroff,358,909-397-1659,6587 Evergreen Avenue,Tarnawatka
Kathrine,Ruberry,359,870-436-1397,0454 Summit Street,Dordrecht
Gaylene,Sinnock,360,255-450-6438,4 Ruskin Plaza,Roissy Charles-de-Gaulle
Jillayne,Kinnock,361,562-572-3294,8 Lunder Avenue,Tucdao
Allard,Tottman,362,219-344-1374,34695 South Street,Baranów
Terrance,Bretton,363,337-290-0342,15 Hazelcrest Alley,Nizhnevartovsk
Kaine,Bullivant,364,118-356-7788,15 Pawling Road,Khong Chai
Bret,Giottoi,365,407-105-1012,700 Darwin Parkway,Casa Nova
Chad,Celiz,366,725-102-7589,0 Maple Wood Crossing,Puncakwangi
Julita,Speer,367,611-814-0438,3709 Sage Center,Brongkalan
Cherice,Nassie,368,898-675-6415,62658 7th Avenue,Gumawang
Joscelin,Plott,369,754-210-0317,37 Moland Place,União
Albertina,McQuaid,370,957-101-8046,32 Shoshone Junction,Huangqiao
Gilbertine,Akeherst,371,684-639-9849,55688 Roxbury Road,Chunoyar
Ingmar,Matyatin,372,414-737-8982,581 Atwood Street,Barajalan
Kaine,Seaton,373,200-480-0373,56017 Holmberg Pass,Baixi
Adolph,Lanaway,374,874-442-7836,6 Walton Park,Niba
Mateo,Holborn,375,826-822-6905,60 Hoard Avenue,Effium
Benton,Saurin,376,748-295-6920,76 Susan Alley,Lourdes
Markos,Langrick,377,694-138-6856,77 Buell Point,Edosaki
Naomi,Warrillow,378,684-812-6392,8 Roth Plaza,Lanchyn
Genovera,Knowler,379,327-888-9433,53170 Melrose Park,Birmingham
Meade,Tourmell,380,800-909-6452,49538 Melby Court,Bujumbura
Ewan,Adamec,381,355-818-1508,96503 Vidon Junction,Borzna
Lilas,Morfett,382,468-369-3285,8 Garrison Park,Bordeaux
Doralynn,Saxelby,383,266-791-5088,6 Little Fleur Plaza,Åtvidaberg
Culver,Montier,384,890-223-2907,01859 Del Mar Crossing,Šentjur
Diego,Ganter,385,827-758-5493,9 Cottonwood Park,Viçosa
Zaneta,Clappison,386,368-316-2608,57897 Sloan Plaza,Andres Bonifacio
Kailey,Krates,387,317-694-4285,3 Westridge Trail,Quebradas
Sawyer,Cappineer,388,824-474-9791,0 Gateway Pass,Congonhas
Clair,Ralphs,389,689-766-3506,655 Stoughton Lane,Wuxihe
Carter,Middiff,390,928-430-7210,87 Erie Plaza,Södertälje
Reilly,Steddall,391,616-945-3302,03794 Paget Center,Rominimbang
Karel,Dingle,392,435-598-8425,87 Rutledge Alley,Yongfeng
Brooke,Woodhouse,393,778-801-1344,71 Novick Road,Luotaping
Casar,Screas,394,168-834-1669,64 Raven Pass,Luntas
Aline,Papworth,395,981-225-3476,8 Saint Paul Center,Longvic
Paolo,Otter,396,458-450-5040,738 Mallory Crossing,Alavus
Ryann,Ashmore,397,214-174-1409,36405 Bashford Hill,Salta
Jerald,Harrington,398,807-526-9396,185 Chinook Place,Rogów
Risa,Janeczek,399,878-438-2563,03435 American Road,Sokolniki
Marijn,Itzak,400,664-641-7970,301 Myrtle Court,Pengjia Zhaizi
Towny,Rivalland,401,546-175-1559,97506 Pearson Hill,Xinmin
Marketa,Sheals,402,356-679-7696,59 Vahlen Plaza,Betafo
Haley,Bourgaize,403,383-841-8728,36867 Kings Court,Talambung Laok
Juana,Whittam,404,221-324-5461,255 Armistice Lane,Xietang
Pavlov,Pretor,405,773-833-8377,4 Victoria Way,Baculongan
Gates,Petty,406,973-807-6337,71 Northwestern Circle,Budapest
Slade,MacConchie,407,489-521-0732,44 Dryden Crossing,Retreat
Mirilla,Bertie,408,757-479-6499,4177 Dottie Circle,Rače
Duke,Scotchmore,409,168-319-9742,02 Buena Vista Avenue,Non Narai
Claretta,Batty,410,145-978-9654,995 Sutherland Plaza,Huangsangkou
Rainer,Harbertson,411,127-381-8257,02 Towne Drive,Ban Ko Lan
Scott,Thunnercliff,412,684-276-9660,1441 Shelley Hill,Llanera
Dru,Frango,413,530-293-2119,55 Susan Park,Margasari
Ive,Chace,414,694-903-2511,32 Sugar Way,Söderköping
Bertrand,Raynham,415,567-513-2237,7937 Ridge Oak Way,Västerås
Jephthah,Letixier,416,709-189-0024,05 Prairieview Trail,San Juan
Aeriela,Springthorpe,417,282-627-9358,5 Coolidge Alley,Byumba
Vita,Garbar,418,898-963-6133,7 Stang Plaza,Landskrona
Charlene,Goad,419,399-687-5661,41 Westerfield Junction,Tournai
Dalila,Sabbin,420,125-469-3616,9 Annamark Park,Ansheng
Izabel,Tiplady,421,272-452-9619,9 Elka Trail,Zhendeqiao
Reeva,Di Claudio,422,375-376-3607,358 Tennessee Avenue,Kibre Mengist
Constantina,Wareing,423,454-348-0659,0 Lerdahl Way,Pregonero
Annalee,Corde,424,783-761-9332,44 Mallory Terrace,Zhongben
Andrej,Sink,425,906-579-9692,3964 Melby Trail,Villa Castelli
Alessandra,Duddridge,426,631-694-9820,532 Ridgeway Terrace,Tingping
Lethia,Stroyan,427,805-630-9484,37 Northwestern Court,Sintra
Felipe,Fairpo,428,317-449-0120,55357 Mallard Drive,Queenstown
Art,Toy,429,612-123-0237,89 Union Street,Fengchan
Dede,Cella,430,704-888-8808,8 Rowland Drive,Charlotte
Winne,Barnewall,431,181-550-9218,806 Little Fleur Center,Playas
Shalna,Perrot,432,415-585-3792,385 Lotheville Terrace,Cibalung
Chanda,Gooden,433,557-153-4450,47 Schiller Circle,Wintzenheim
Suzanne,Aleksandrikin,434,170-934-0496,051 Miller Crossing,Mvomero
Marjy,Sheldrake,435,107-449-8180,35 7th Hill,Pļaviņas
Scotti,Kendrew,436,521-177-6399,64 Morning Place,Basarabeasca
Nikolas,Tayt,437,815-216-0926,59585 Clemons Park,Amaigbo
Edeline,Bulford,438,689-434-2622,6855 Marquette Drive,Baokou
Tony,Lace,439,427-464-8122,32 Forest Run Road,Daming
Nappie,Guilayn,440,380-844-2576,77596 Hazelcrest Drive,Tānsen
Mirelle,Bleakman,441,687-797-9892,079 Fairfield Street,Konggar
Jan,Heckney,442,326-148-6274,8 Pearson Plaza,Chengcun
Ezechiel,Guile,443,362-375-9147,3949 Elgar Trail,Minas de Marcona
Cathee,Shimony,444,361-844-6950,6057 Nancy Parkway,Danao
Ellyn,Rubinsaft,445,444-129-8390,15330 Pierstorff Court,Bromölla
Tova,Harrad,446,147-829-2094,11 Esch Court,Espérance Trébuchet
Brandon,McCurtin,447,104-606-4027,89548 Kim Avenue,Wuli
Jessika,Samms,448,766-298-6791,94658 Barby Plaza,Ostrowite
Claudetta,Abbatucci,449,486-376-3530,9168 Lyons Crossing,Paniqui
Arabella,Cozins,450,624-259-0493,08 Golf Course Court,Longka
Davidde,Norrie,451,797-548-9723,11500 Bunker Hill Trail,Santa Ana
Allx,Dymott,452,423-206-9041,849 Nobel Park,Kanzaki
Guthrey,Swayte,453,834-253-6403,87601 Hauk Parkway,Skawica
Fan,Winwright,454,423-867-1006,8795 Clove Crossing,Leipzig
Thayne,Levin,455,747-296-1934,365 Debs Way,Zhouhe
Sergeant,Simoni,456,899-260-9179,8 Clemons Way,Nantes
Mahala,McGlaughn,457,322-904-6743,054 Ryan Terrace,Kuta
Cristal,Ennor,458,125-348-3793,6568 Scott Circle,Pule
Hodge,Radbond,459,216-496-4243,09383 Erie Trail,Kwangmyŏng
Gillian,Iglesia,460,474-424-1235,04638 Melody Alley,Panjing
Merwin,Kopp,461,260-710-4374,31 Luster Way,Khvastovichi
Vaclav,Cristofari,462,615-979-8206,911 Kennedy Road,Sieniawa
Adah,Rollins,463,319-893-8897,17354 Bonner Circle,Houston
Wadsworth,Scotchforth,464,316-341-4164,01 1st Drive,Caluire-et-Cuire
Jecho,Herche,465,225-218-5588,1252 Sutherland Way,Orlovka
Jsandye,Ivashov,466,805-865-4603,60020 Red Cloud Hill,Göteborg
Georas,Clemmitt,467,319-871-6262,81 Lawn Pass,Passa Quatro
Liana,Halfacre,468,164-131-0740,29154 Jana Road,Niverville
Cate,Vaen,469,500-813-2557,8697 Burning Wood Trail,Lajeosa
Rosamund,Oughtright,470,885-791-8098,0 Mitchell Parkway,Spétses
Pammy,O'Lahy,471,721-860-9644,788 Cottonwood Pass,Methóni
Lefty,Hooks,472,732-864-1823,858 Cascade Terrace,Tolbazy
Codee,Wiles,473,377-187-1780,164 Mallory Place,East Migpulao
Leslie,Fines,474,992-151-2386,99525 Forest Dale Road,Nandayure
Kele,Goard,475,844-657-1416,3582 Brown Junction,Sangari
Karee,Collins,476,423-440-4967,179 Barnett Road,Liangnong
Nicola,Oels,477,939-220-3133,936 Portage Place,Zhujiatai
Daveta,Rooze,478,469-836-3471,50492 Loftsgordon Terrace,Saint-Malo
Codi,Kobera,479,617-541-2041,55347 Bowman Alley,Boston
Terra,Rotge,480,607-917-1646,5947 Sutherland Pass,Dongxi
Matthew,O'Donnell,481,924-496-8150,88967 Victoria Hill,Aqqan
Robinette,Alvarez,482,255-988-0964,5833 Porter Junction,Blois
Sherrie,Lowing,483,404-671-8937,623 Vidon Court,Koumra
Shaun,Fitzgerald,484,732-465-8758,0 Hanson Avenue,Rongelap
Myrtle,Mackrell,485,211-993-2545,4302 Riverside Junction,Arroyo Salado
Clarke,Giblett,486,799-689-1548,05 Oak Valley Plaza,Curug
Whitby,Stell,487,273-463-8395,2631 Meadow Valley Junction,Majiao
Maribelle,Godier,488,173-572-2033,59 Talmadge Parkway,Longxi
Tanny,Perulli,489,579-263-6997,49783 Cordelia Road,Tuanshan
Annalise,Ziemens,490,112-218-8207,27 High Crossing Park,Stockholm
Marjorie,Cormack,491,271-970-6114,63502 1st Trail,Na Chueak
Samantha,Kupisz,492,936-551-3453,1 Spaight Trail,Gamagōri
Bambi,Wenham,493,372-650-3206,8 Mandrake Road,San Cristóbal
Gothart,Comley,494,111-855-0365,86 Northland Road,Stockholm
Ara,Tiernan,495,332-334-9132,085 Scott Crossing,Ārifwāla
Consolata,Steuart,496,900-947-3139,410 Moland Court,Kokoshkino
Bernardo,Everard,497,890-584-7831,43266 Laurel Lane,Infanta
Bartlett,Fonteyne,498,550-990-6461,8 Hansons Drive,Włoszczowa
Nadia,Bartolacci,499,248-687-7003,246 Center Street,Stockholm
Jonah,Sheward,500,189-749-0316,3 Ridgeway Alley,Debre Mark’os
Mella,Jakoubek,501,252-930-3177,450 Holy Cross Way,Glempang Tengah
Lonnie,Covolini,502,769-110-5797,855 Fair Oaks Parkway,Ilangay
Genia,Montfort,503,748-824-3404,5 Anniversary Pass,Bundoc
Braden,Adao,504,308-366-4756,9 Fairfield Lane,Hezhang
Carmen,Cadany,505,181-787-4339,0 Birchwood Way,Ol Kalou
Jeffie,Lockett,506,982-994-5265,8329 Golden Leaf Hill,Al Quwaysimah
Ingeborg,Bierling,507,552-209-5793,79486 Kedzie Avenue,Xinquan
Nappy,Merrydew,508,974-274-5114,2818 Division Street,Nizhniy Ufaley
Hakeem,Rappport,509,918-315-8987,260 Mcguire Alley,Sypniewo
Daniela,Deary,510,518-359-6250,66635 Esch Circle,Albany
Ase,Farrance,511,452-543-1538,22570 Grover Way,Kidal
Rori,Rosenbloom,512,978-197-3371,68 Stuart Junction,Boston
Der,Featonby,513,989-696-7282,1528 Vernon Pass,Abades
Sanson,Swetland,514,553-663-1332,8951 Kinsman Circle,Trat
Karlis,Koles,515,177-858-6086,55 Dottie Court,Ambohitseheno
Siana,Stuer,516,762-594-8369,38 Mifflin Place,Saint Ann’s Bay
Roderick,Columbine,517,286-112-7447,284 Caliangt Parkway,Ipu
Ninnette,Sheehan,518,981-943-4553,1 Chinook Alley,Watulabara
Scotti,Newman,519,522-550-3685,77 Sutherland Plaza,Haoxue
Georgiana,Spir,520,193-576-2853,44 Warbler Avenue,Turar Ryskulov
Moyra,Burgen,521,860-440-0815,44 Lawn Way,Middelburg
Johannes,Issacoff,522,179-138-9244,41 Merchant Alley,Al Muţayrifī
Vance,Meighan,523,414-664-8729,436 Westend Road,Esquina
Trude,Koenraad,524,431-400-2850,164 Burrows Terrace,Paledang
Dorothee,Whitehurst,525,826-177-6496,656 Golf View Alley,Franca
Lucien,Twigge,526,835-168-9795,10517 Columbus Alley,Hantsport
Graeme,Wraighte,527,271-753-3981,7 Maple Wood Crossing,Gualmatán
Elfrida,Chewter,528,592-731-2291,24908 Becker Crossing,Kramat
Aida,Agnew,529,386-447-5189,0 Almo Park,Shuyuan
Hollyanne,Kirman,530,794-882-3631,4736 Coleman Street,Danville
Karola,Yurukhin,531,386-909-4588,43254 Homewood Junction,Sinjār
Roland,Duckers,532,870-775-6115,99 Jenifer Trail,Temirtau
Jami,Ughini,533,965-409-2448,639 Ludington Avenue,Al Ma‘allā’
Fitz,Mc Elory,534,156-598-4745,3 Steensland Terrace,Yangxu
Mattie,Blooman,535,709-651-2068,40 Village Green Trail,Sedlčany
Orbadiah,Proudlove,536,494-743-2891,5251 Pennsylvania Center,Kiuola
Giacobo,Brunet,537,121-168-6521,443 Westend Circle,Shuikou
Willard,Garred,538,519-926-9995,35 Prentice Street,Lomme
Suzie,Billingsley,539,527-711-6740,72 Karstens Point,Az Zintān
Nikolos,Pitrelli,540,277-558-5698,60 Park Meadow Court,Dzyatlava
Vite,Glaum,541,791-676-4694,29530 Twin Pines Road,Kapenguria
Ailbert,Coutts,542,438-640-7771,9636 Mockingbird Parkway,Huifeng
Adela,Hodges,543,414-431-9032,1383 Derek Pass,Le Puy-en-Velay
Maggy,Jickells,544,201-750-5113,96515 Myrtle Plaza,Dniprodzerzhyns’k
Kaitlyn,Sprigin,545,411-271-5419,6 Ohio Trail,Bedford
Gilberte,Pehrsson,546,839-131-8098,77 Vidon Junction,San Cristobal
Adriaens,Ghirardi,547,736-280-7454,22344 Anhalt Place,San Ricardo
Morry,Burchnall,548,446-854-9548,931 Menomonie Court,Sokółka
Babbie,Gaymar,549,783-255-9419,1565 Schurz Place,Manadas
Charles,Dunkerton,550,833-801-0522,725 Park Meadow Alley,Hacıqabul
Kendal,Lortzing,551,481-385-7656,249 Hintze Drive,Xinzhou
Rebe,Shakesby,552,539-469-3816,482 Petterle Terrace,Ta‘izz
Zebulen,McBain,553,884-702-9815,8 Mallard Crossing,Santa Ana
Sayre,Stening,554,629-562-8319,0 Marcy Hill,La Jagua de Ibirico
Bo,Dwire,555,678-888-9477,174 Ridgeview Avenue,Tonjongsari
Zulema,Cossor,556,797-802-2477,5 Florence Junction,Marseille
Jessie,Noton,557,603-526-9541,80499 Evergreen Circle,Telukpakedai
Sanson,Weaben,558,958-628-4840,1 Northview Terrace,Deir Ḥannā
Ardeen,Whetton,559,629-513-8386,98 Jenna Plaza,Shunyi
Kettie,MacDonell,560,401-158-2749,2 Emmet Hill,Shangtang
Debbi,Lohering,561,845-985-8655,7468 Vahlen Street,Reuleuet
Emory,Paddick,562,160-231-9531,2673 Maple Lane,Káto Asítai
Adele,Pietruschka,563,758-862-3865,209 Lighthouse Bay Way,Quimbaya
Even,Stoggles,564,892-307-7238,29593 Cordelia Trail,Velká Bystřice
Murray,Posselt,565,267-918-7265,44 Loomis Drive,Izborsk
Michele,Endacott,566,907-224-0819,3093 Alpine Place,Tangjiapo
Kermy,Boothby,567,356-188-3258,80427 Carpenter Avenue,Da’an
Tully,Mullaly,568,868-834-9617,22 Maple Circle,Ijūin
Agnese,Fink,569,556-257-5313,7 Londonderry Pass,Bolderaja
Jamal,Kempster,570,211-299-3727,4 Calypso Trail,Madala
Letitia,Roze,571,265-489-9053,344 Warrior Hill,Jiangwakou
Aubrey,Kezar,572,519-451-4235,03735 Dryden Terrace,Kíti
Aylmar,Ledbury,573,693-653-6171,41 Northfield Court,Agnibilékrou
Percival,Dudleston,574,374-640-4540,79618 Old Shore Park,San Juan Ixcoy
Rozamond,Plom,575,315-617-6795,7 Memorial Avenue,Taungdwingyi
Bernita,Pillans,576,335-346-1008,02 Northport Junction,Nancy
Ginnie,Domanski,577,188-634-6890,2 Nova Place,Wiang Nuea
Estevan,Paolillo,578,905-724-6833,96940 Pearson Park,Huochang
Skippie,Legen,579,330-179-0274,9959 Manley Junction,Vila Franca da Beira
Danila,Puden,580,803-691-9084,9980 Pearson Drive,Hetoudian
Major,Gaitley,581,189-541-3537,89 Sheridan Park,Wugong
Tomlin,Lamplugh,582,107-930-5577,7 Holy Cross Road,Ilihan
Cati,Henricsson,583,940-755-5488,58643 Old Gate Court,Istres
Allis,Fayre,584,435-621-0301,052 Thierer Court,Kedungtaman
Cornelia,Tregunna,585,327-205-8529,1 La Follette Pass,Al Jubayhah
Eugenia,Shone,586,149-690-4213,5959 Main Court,Saint-Marcellin
Amalle,Delaney,587,395-149-7489,7 Pawling Point,Anjie
Bard,Dunbavin,588,165-893-8269,687 Dorton Pass,Antsirabe
Esta,MacIlwrick,589,842-728-6778,301 Sherman Place,Kněžpole
Carl,McAulay,590,469-911-1032,43484 Doe Crossing Hill,Galutu
Moll,Aleksankin,591,610-342-1045,665 Montana Drive,Gaojiazhuang
Maria,Sleicht,592,858-937-8297,934 Nancy Drive,Bojadła
Sheridan,McCraine,593,984-180-2616,72009 Loftsgordon Trail,Akademija (Kaunas)
Sansone,Magrannell,594,692-143-2407,4 Huxley Junction,Karnobat
Dorry,Jeannenet,595,696-776-0503,32 Trailsway Point,Irecê
Worthington,Stienham,596,645-696-9428,0767 Northwestern Drive,Hangbu
Adiana,Rubra,597,462-567-3518,095 Thackeray Point,Ribas
Joya,Brickham,598,535-585-7378,529 John Wall Crossing,Mantingantengah
Leonanie,Abade,599,946-499-3761,0685 Dapin Point,Nałęczów
Jennifer,Crowder,600,761-913-1486,09 Grover Trail,Zaki Biam
Sherwynd,Gillhespy,601,443-415-3705,0 High Crossing Drive,Kahrīz
Tera,Leonarde,602,461-979-7516,9 Hudson Plaza,Qingzhou
Saraann,Finch,603,298-475-9934,7 Oriole Trail,Trujillo
Alika,Lannen,604,347-212-4238,0 School Center,Suzaka
Murielle,Sebyer,605,227-354-2205,20262 Starling Place,Al Mughayyir
Jenilee,Wisdish,606,976-169-9515,2 Cascade Lane,Mahdia
Sacha,Mattinson,607,602-358-4586,6 Manitowish Street,Sirari
Nathan,Marrion,608,840-384-2755,1701 Steensland Center,Bambari
Curcio,Dunphie,609,347-416-0218,52 Talmadge Way,Betim
Calley,Dunmore,610,470-588-9073,9 Almo Lane,Ancol
Sue,Jonah,611,428-853-3568,2703 Karstens Point,Taotang
Rosy,Lillie,612,398-974-7363,268 Grim Alley,Loo
Constantine,Noen,613,654-453-4352,7490 Sheridan Pass,Ural
Zondra,Learman,614,732-254-4098,2572 Forster Alley,Guyancourt
Bard,McCathy,615,328-328-3590,748 Miller Point,Socorro
Tony,Toward,616,621-602-1452,0 Jay Street,Sikka
Tara,Meigh,617,748-226-1109,07061 Westerfield Parkway,Fuyo
Fairleigh,Keepence,618,700-251-8200,16 Vernon Plaza,T’aebaek
Cary,Lapenna,619,394-927-8338,325 American Junction,Victoria
Dasi,Fenich,620,850-902-1580,913 Artisan Drive,Wojsławice
Orelle,Guise,621,143-853-5400,4 Gateway Parkway,Nanhe
Dana,Dukes,622,315-810-7586,94933 Dahle Crossing,Starodub
Bondy,Fadian,623,216-465-4503,4 Packers Terrace,Roissy Charles-de-Gaulle
Zane,Northover,624,717-683-4124,83 Arkansas Park,Daoukro
Solly,Leabeater,625,998-850-6933,45 Hovde Street,Al Kiswah
Stephi,Derobert,626,186-717-9451,56937 Drewry Junction,Nuquí
Joela,Guerrazzi,627,475-125-0071,441 Cody Road,Bil‘īn
Brina,Shalloo,628,323-659-8693,36299 Stephen Avenue,Palmas Bellas
Joli,Soares,629,418-582-8854,7335 Carey Avenue,Pakxé
Meagan,Conneely,630,200-873-2491,99 Graedel Place,Salanegara
Shannen,Scothron,631,723-464-7010,6696 Autumn Leaf Point,Ol’ginskaya
Casey,Tabourin,632,913-884-7175,75 Stang Plaza,Bulu
Bethany,Beasant,633,910-533-5789,53 Shoshone Street,Togitsu
Alidia,Angeau,634,253-437-7692,72 Michigan Drive,Tacoma
Rois,Ervine,635,313-201-5968,1 Washington Point,Sirinhaém
Tillie,Mairs,636,586-242-3411,9916 Del Sol Center,Aranyaprathet
Charil,Braunds,637,254-374-0097,8 Scofield Point,Bhairāhawā
Aliza,Smartman,638,801-168-8255,8985 Daystar Point,Calanogas
Marco,Hannah,639,182-898-9219,60831 Emmet Way,Satu Nou
Almeda,Norledge,640,710-981-8165,355 Graceland Park,Štítná nad Vláří
Griselda,Fynn,641,455-949-0015,4775 Hanover Way,Pocora
Yale,O'Finan,642,804-630-4757,6106 Prairie Rose Point,Kalinovo
Norine,Bresman,643,219-436-9763,4754 Eliot Circle,Ohafia-Ifigh
Valentino,Leedal,644,570-449-1609,272 Roth Park,Yelizavetinskoye
Bryana,Westney,645,482-608-5366,82414 Anzinger Point,Līvāni
Korney,Luggar,646,993-596-5109,59 Colorado Center,Atakpamé
Killie,Espinas,647,302-720-5091,88 Gina Alley,Banjing
Joella,Franckton,648,316-270-5823,7501 Victoria Park,Mapiri
Clare,Piatkowski,649,249-196-3677,2522 Norway Maple Trail,Ibabang Tayuman
Stacee,Puddefoot,650,363-725-4789,5786 Farragut Terrace,Montfavet
Zilvia,Brakewell,651,264-383-4045,440 Manley Center,Ferrol
Clarissa,Sitch,652,426-785-4936,7281 Luster Drive,Khairpur Nathan Shāh
Olivette,Checkley,653,959-158-5941,805 Maryland Place,Tabuny
Jessi,Dawtre,654,219-783-4968,69108 Tennessee Park,Panikihan
Dixie,Ransom,655,686-980-9502,22 Warrior Hill,Timmins
Eveline,Rainbird,656,594-226-1383,00717 Luster Avenue,Guiniculalay
Pepita,Karolyi,657,791-438-7066,6923 Bowman Place,Kamionka Strumitowa
Thor,Cayser,658,741-449-7074,3273 Starling Hill,Lere
Reggy,Wayon,659,179-798-0663,023 Memorial Junction,Nakhabino
Bourke,Tayler,660,123-848-2534,614 Kropf Junction,Khulna
Ignaz,Drummond,661,780-647-5218,68 Mockingbird Lane,Qiandian
Edin,Cescotti,662,854-257-2345,1218 La Follette Hill,Kanlagay
Lolly,Spiby,663,849-801-5352,872 Lindbergh Avenue,Guanting
Karina,Ruckman,664,514-530-3971,632 Dawn Pass,Mtinko
Preston,Connew,665,955-827-3527,4 Larry Road,Xinmin
Cazzie,Manoelli,666,156-682-7314,7 Riverside Plaza,Vetluga
Alvy,Wellesley,667,444-350-9209,205 Del Mar Court,Łącko
Fernande,O'Brian,668,678-369-1419,6244 Utah Alley,Unden
Prentice,Treadaway,669,895-958-1218,76 Troy Drive,Sanxianling
Ulberto,Biaggioni,670,804-354-2985,52 Hovde Junction,Longlou
Dalston,Wapplington,671,136-337-9259,284 Kenwood Street,Xinkaikou
Claresta,Bushen,672,985-261-5603,4172 American Park,Yushan
Garnette,Leverton,673,575-854-9774,94 Colorado Plaza,Sanshan
Randell,Goracci,674,444-299-9806,1 Spaight Circle,Santos Dumont
Lura,Laydon,675,805-438-3190,7 Rowland Crossing,Ciro Redondo
Marissa,Eliasen,676,755-515-7919,438 Laurel Park,Lautoka
Shanna,Sicha,677,214-612-0484,54 Nevada Way,Sihanoukville
Claybourne,McDool,678,502-840-1946,50484 West Place,Kralupy nad Vltavou
Zebadiah,Foskew,679,777-163-1960,5667 Bobwhite Center,Sale
Fredelia,McLinden,680,829-213-8448,63 Dahle Parkway,Nan’an
Caesar,De Simone,681,303-463-7745,711 Forster Lane,Partille
Georgeanna,Rake,682,433-508-6327,72204 Rowland Place,Hengdian
Fletcher,Newlands,683,908-369-0928,6954 Sugar Plaza,El Cantón de San Pablo
Micky,Jaskiewicz,684,928-444-4570,97197 Lindbergh Trail,Nancy
Edna,Tween,685,246-820-7428,75391 Vermont Street,Debrecen
Peder,Jakeman,686,398-590-1302,1 Laurel Junction,Yuyapichis
Carlotta,Lipsett,687,153-211-6595,7 Waywood Court,Naagas
Cordy,Finker,688,954-934-4014,76655 Myrtle Terrace,Phalaborwa
Mella,Ricardet,689,397-341-5832,13 Kim Court,Thap Than
Moishe,Hailey,690,572-695-2392,8 Debs Alley,Shitouhe
Nicky,Macura,691,364-657-2428,38480 Dahle Way,Apatin
Francisco,Welland,692,686-836-3058,80242 Leroy Hill,Putou
Jessi,Bazelle,693,244-575-2918,6291 Drewry Lane,Vilémov
Llywellyn,Benzie,694,375-657-9203,53 Michigan Alley,Qingchuan
Dayle,Kester,695,539-273-7489,646 Tennyson Crossing,Koszarawa
Koenraad,Ades,696,804-579-9568,8648 Tennyson Drive,Stuttgart Stuttgart-Mitte
Gonzalo,Ludron,697,307-101-7951,649 Browning Lane,Cheyenne
Marietta,O' Concannon,698,503-484-3571,4 Lunder Hill,Dar Chabanne
Abbey,Boyles,699,914-915-7592,19 Larry Parkway,Infanta
Lexis,Windrum,700,320-920-1751,69351 Burrows Alley,Sallins
Danna,Waddie,701,816-522-5263,89 Loomis Court,Lees Summit
Fey,Hamlet,702,172-653-7959,974 Forest Dale Road,Massaguet
Englebert,Abbate,703,965-713-0075,74298 Shelley Terrace,Krojo
Adi,Wehden,704,238-984-7069,81 Grasskamp Road,Sandaoba
Gaby,Beniesh,705,927-153-2347,697 Northridge Park,San Francisco Zapotitlán
Stacy,Upstell,706,599-734-9800,575 Village Drive,Laban
Frasco,Threader,707,181-574-1254,3724 Rigney Park,Buy
Elwood,Akker,708,584-261-2515,7 Orin Avenue,Popovi
Candy,Dalgardno,709,685-580-2182,732 Heath Center,Fumin
Mathian,Ruppeli,710,946-775-0608,590 Hayes Circle,Ugra
Ceil,Petrushka,711,821-421-3841,7 Memorial Place,Vecumnieki
Nikolas,Masi,712,834-230-7919,8146 Jackson Junction,Shimen
Lorri,Scholtz,713,568-681-1619,2125 Heath Alley,Lukou
Cami,Goldston,714,543-997-1824,32221 Reindahl Road,Morocelí
Marilin,Alliott,715,486-368-8924,0 Anzinger Circle,Artjärvi
Herve,Niland,716,935-540-6952,105 Schiller Hill,Michałów-Reginów
Caresse,Brodhead,717,643-494-6417,649 Lyons Circle,Huakoulongtan
Boniface,Brosetti,718,284-628-3490,8315 Susan Trail,Jimo
Prudence,Louisot,719,431-315-4432,5027 Ohio Park,Selaawi
Herculie,Jellyman,720,902-508-0180,044 3rd Drive,Jiaokou
Lanita,Braunfeld,721,310-525-2434,71587 Bellgrove Court,Mengxingzhuang
Frederigo,Knewstubb,722,620-601-0120,0043 Maple Road,Karangtengah Lor
Sheelagh,Waddington,723,430-619-3126,97 Transport Crossing,Tursunzoda
Thibaut,Klesl,724,124-889-8449,6726 Arkansas Hill,Santiago de las Vegas
Abbott,Wetherburn,725,268-120-4149,1 Arrowood Court,Pokrovka
Jemie,Grunwald,726,214-694-6057,92 Eliot Parkway,Marzhing
Ned,Charnick,727,489-868-8128,274 Di Loreto Center,Sarirejo Satu
Padget,Mulryan,728,131-528-5750,5159 Maple Wood Point,Canavieiras
Dana,Sawney,729,676-310-3865,7 Transport Drive,Torres Vedras
Jarvis,Hanks,730,804-998-8462,840 Rieder Road,Guri-si
Lyle,Pennicott,731,907-579-8361,49 Magdeline Park,Anchorage
Chrissy,Piesold,732,750-465-7303,67 Donald Avenue,Lalagsan
Roger,McCraw,733,398-741-5926,195 Park Meadow Street,Geoktschai
Karilynn,Escala,734,214-828-3463,09608 Upham Pass,Huayllo
Elysia,Tersay,735,811-540-6314,1 Clemons Court,Sibiti
Cob,Leonardi,736,876-199-8759,41 Continental Parkway,Chenārān
Jereme,Radleigh,737,191-795-4743,2 Old Gate Crossing,Heping
Lothaire,Bolesworth,738,287-957-1555,867 Donald Terrace,Achadinha
Evyn,Wolfenden,739,970-651-8168,72 Johnson Street,Sapeken
Bing,Doole,740,468-762-4634,02 American Ash Point,Vohibinany
Karena,Daughtrey,741,936-992-5744,3 Arrowood Crossing,Conroe
Alanna,Tokley,742,643-333-6953,800 Ruskin Circle,Tibro
Vachel,Mees,743,602-779-4318,33467 Schlimgen Hill,Yiqian
Linda,Luparti,744,652-991-5399,7 Judy Way,Haokou
Suzann,Cumberbatch,745,802-617-2955,7 Bluestem Trail,Nagrog
Janetta,Oggers,746,638-226-0555,0 Fulton Plaza,Saño
Bjorn,Jopling,747,829-481-4031,8313 Sage Road,Pawa
Corny,Lambotin,748,810-825-1412,15 Kings Center,Dapawan
Otes,Glyde,749,659-999-4204,22 Manley Point,Jinlong
Caresa,Bardsley,750,632-433-2307,9203 Ronald Regan Park,Sasa
Emalee,Giovannazzi,751,654-968-5676,1028 Arapahoe Drive,Louny
Dari,Blades,752,184-186-4183,43 Spenser Point,Léfka
Nye,Himpson,753,915-718-0954,47886 Pine View Crossing,Värnamo
Jud,McCobb,754,687-804-5879,1 Ramsey Terrace,Shuinanxu
Harland,Jukes,755,642-192-6721,90129 Hansons Way,Borås
Salvatore,Karlsson,756,175-723-2793,3161 Golf View Street,Basak
Ginny,Kingshott,757,200-906-4808,187 Oriole Terrace,Palmar de Varela
Lena,Tomaskov,758,579-504-2355,364 Johnson Avenue,San Antonio Oeste
Silvana,Dedden,759,958-223-4056,9 Badeau Circle,Bulupayung
Zak,Ammer,760,867-556-5162,72 Green Ridge Street,Ayacucho
Hieronymus,Gimeno,761,312-238-4771,05 Glacier Hill Place,Chicago
Raleigh,Rishman,762,539-156-6847,0 Chinook Drive,Garešnica
Eryn,Itchingham,763,834-947-9003,7 Aberg Circle,Baie-D'Urfé
Merrick,Langfat,764,532-930-4459,5465 Menomonie Place,Ágios Spyrídon
Hunter,Mc Dermid,765,652-745-6500,7078 Straubel Circle,Włoszczowa
Hamlen,Niblo,766,131-890-7629,0875 Elgar Hill,Duofudu
Haroun,Lillicrop,767,291-380-5821,39523 Melvin Avenue,Tiandiba
Ninon,McIlwrick,768,711-653-7095,084 Raven Plaza,Kai
Giustina,Pooly,769,202-485-0347,1875 Aberg Pass,Washington
Raychel,Jenk,770,392-498-0867,1 Browning Drive,Sylvan Lake
Glenden,Habbes,771,663-934-9098,98 Schurz Lane,Ertai
Patricia,Brackpool,772,903-850-1717,96869 Mosinee Park,Qārah
Bab,Rosenstock,773,428-106-2706,5 Birchwood Alley,Donostia-San Sebastian
Farlie,Emeny,774,100-211-4077,9 Lunder Place,Eustaquio Lopez
Kirby,Stallard,775,811-469-1770,169 Thackeray Park,Tintina
Cirstoforo,Buckett,776,451-684-1608,906 Sage Avenue,San Felipe
Celene,Pye,777,956-644-1382,62312 Carberry Junction,Talagante
Norry,Gavozzi,778,112-553-0706,7 Rutledge Park,Panay
Gorden,Jarratt,779,834-644-9418,776 Kropf Junction,Marisol
Kylen,Eisak,780,111-737-3146,074 Northwestern Hill,Kahuripan
Curr,Wildman,781,238-156-9284,5769 Warrior Center,Shimabara
Emylee,Cantillion,782,651-829-6600,33 Huxley Plaza,Youkaichi
Vivien,Landal,783,773-625-4193,5382 Manitowish Street,Rawson
Eldin,Axford,784,528-308-4122,94 Blue Bill Park Court,Ninghai
Winne,Corder,785,438-943-4111,4643 Messerschmidt Point,Ban Talat Bueng
Papageno,Drake,786,196-639-2121,37 Blaine Road,Wujingfu
Brew,Chelnam,787,258-829-8156,5 Miller Terrace,Yajiang
Yasmeen,Cradey,788,602-855-4661,49 Comanche Pass,Staraya Kupavna
Hector,Ivell,789,710-659-4900,75 Tomscot Center,Зуунмод
Judy,Tong,790,356-257-0103,6 Heath Lane,El Pao
Ingrim,Hildrew,791,704-668-2400,3 Melby Road,Alunda
Wakefield,Davydkov,792,162-590-9889,3 Dayton Drive,Morangis
Yance,Serris,793,200-365-0479,06472 Division Park,San Carlos
Sonia,Holtom,794,935-314-7672,3 Grayhawk Plaza,Huangtian
Brennan,Mathwin,795,327-840-8721,75351 Dixon Place,Enköping
Hoyt,Cervantes,796,224-975-3472,025 Sutteridge Alley,Enrile
Leanora,Kellegher,797,205-388-7154,8 Pepper Wood Parkway,Kasamatsuchō
Rycca,Karlicek,798,531-435-4977,18782 Dapin Center,Solna
Valerye,Cahalan,799,940-600-2340,1 Tennessee Hill,Las Toscas
Calypso,Borland,800,109-797-8549,118 Dawn Center,Qal‘at Bīshah
Rosabella,Jenkerson,801,809-281-8142,71 Arkansas Lane,Skänninge
Jenilee,Philp,802,350-808-9156,05 Claremont Street,Altenberg bei Linz
Pepe,Steynor,803,653-419-8290,583 Holy Cross Alley,Cai Doi Vam
Fulton,McCallam,804,933-651-1391,900 Pennsylvania Trail,Täby
Clem,Pacitti,805,945-825-0001,94 Porter Drive,El Galpón
Arielle,Pioch,806,272-759-2605,558 South Way,Calmar
Hermy,Romagnosi,807,431-262-8606,4783 Steensland Plaza,Bailuquan
Raphaela,Blankenship,808,414-614-8541,25770 Arkansas Terrace,Montenegro
Eamon,Vittet,809,410-175-7036,378 Chinook Plaza,Kefang
Sydney,Gowry,810,905-928-2122,101 Mccormick Crossing,Abakaliki
Alfredo,McCabe,811,221-621-8256,752 Northport Terrace,San Antonio de los Baños
Veronique,Malenfant,812,425-480-9594,56 Union Trail,Fëdorovskoye
Tye,Serjeantson,813,942-513-4129,4194 Eliot Court,Los Cerrillos
Allister,Cotterel,814,603-986-3602,95 Sachtjen Hill,Had Kourt
Waneta,Engel,815,306-218-4124,6676 Lindbergh Lane,Cibolek Kidul
Raffaello,Pohls,816,394-608-2189,6 Shoshone Terrace,Tim
Jon,Pagett,817,139-449-2920,366 Eggendart Court,Mikhaylovsk
Ange,Nunns,818,662-971-5612,266 Caliangt Point,Venda
Janek,Pieterick,819,659-849-0557,0 Hanover Trail,Frisange
Leroi,Giovannoni,820,632-795-0858,773 Oakridge Alley,Shangrao
Nicolas,Stollen,821,999-518-3095,1607 Stephen Center,Bourges
Klemens,Parriss,822,958-653-0792,646 Rutledge Place,Capacmarca
Valery,Kos,823,868-107-7189,2 Dennis Point,Kuznetsovs’k
Hedwiga,Dulling,824,258-814-9875,428 Ridge Oak Point,Sengeti
Emmanuel,Moreton,825,440-977-2824,596 Grasskamp Place,Yasenskaya
Amory,Feechan,826,140-773-0744,66 Linden Avenue,Latacunga
Violet,Rolfe,827,248-282-6755,2 Carberry Place,Tīkāpur
Jayne,Stollmeyer,828,887-263-8252,2 Florence Place,Citatah Kaler
Gretal,Howat,829,405-409-2299,4166 Kensington Center,Montreuil
Vikki,Nemchinov,830,228-790-6143,079 Russell Court,Sampaloc
Mack,Dorning,831,401-185-8772,6 Sunfield Road,Providence
Briney,Timberlake,832,426-235-8370,34 Nelson Plaza,Linköping
Jackson,Raspin,833,748-639-5766,04 Maple Hill,Jiukou
Sherman,Gress,834,975-754-4583,09 Washington Point,Los Angeles
Bibbie,Moloney,835,590-193-3944,388 3rd Street,"Brgy. Nalook, kalibo"
Haleigh,Buckett,836,458-415-1765,34 Heath Plaza,Ikata-chō
Corabelle,Sparshatt,837,226-495-1878,606 Summerview Center,Viesīte
Frederich,Reinhardt,838,752-386-8474,1 Haas Alley,Ormstown
Justine,Perle,839,521-303-4500,06329 Oak Valley Junction,Xilin Hot
Dona,Yate,840,402-778-1611,7 Coleman Place,Huerta Grande
Sterne,Martinie,841,709-186-5428,610 Debra Center,Lázně Kynžvart
Ty,Bausmann,842,821-151-2944,26 Loeprich Court,Cheqiao
Grange,McMonies,843,300-273-9142,2633 Pennsylvania Pass,Tonantins
Illa,Graeber,844,787-349-6310,1847 Upham Place,Accha
Laird,Laguerre,845,685-459-8862,89 Spohn Circle,Åtvidaberg
Jeremiah,Biggin,846,730-661-9076,37656 Stephen Drive,Qümong
Angel,Bedward,847,608-141-6641,0412 Dakota Terrace,Topdac
Gerrard,Hayes,848,508-809-7529,923 Bultman Street,Železný Brod
Bran,Bonnavant,849,140-505-4903,12 Debs Park,Gaxung
Angelika,Biner,850,886-393-9239,73427 Vahlen Junction,Lila
Hans,St Ange,851,349-463-9775,68890 Hudson Crossing,Silca
Otho,Pulham,852,119-839-0560,043 Towne Avenue,Debrecen
Johanna,Temprell,853,244-208-8302,7172 Garrison Hill,Pokachi
Lexy,Tytler,854,781-216-8751,4731 Nova Street,Bokino
Gabi,Westmore,855,546-642-4453,6512 Memorial Street,Malhão
Jodee,Ridgley,856,322-248-6825,4094 Claremont Hill,Sępopol
Annetta,Treweke,857,865-599-7627,6 Golden Leaf Hill,Tagawa
Mychal,Cattermull,858,754-809-5056,88 Moose Road,Kubangeceng
Valera,Camacke,859,519-279-1404,04 Village Plaza,Syktyvkar
Geneva,Paske,860,820-699-9126,846 Basil Trail,Capas
Gianina,Currer,861,617-383-1699,2198 Oakridge Trail,Barrosa
Adam,Humbie,862,443-453-0992,834 Sommers Place,Tong’an
Perri,Capnerhurst,863,798-444-2436,1406 Crowley Terrace,Lufang
Aigneis,Rubel,864,699-442-4441,320 Melody Crossing,Ciyun
Dionysus,Haizelden,865,757-209-9072,3938 Bluejay Trail,Virginia Beach
Trip,Byrd,866,220-567-7105,5876 Fairfield Trail,Zhongshan
Red,O'Bradane,867,305-499-8401,965 Grayhawk Hill,Cipanggung
Shawnee,Tampin,868,694-472-1971,922 Brickson Park Terrace,Myitkyina
Candide,Whistlecroft,869,924-651-0996,816 Pennsylvania Pass,Oropós
Simona,Bezants,870,770-211-3093,83836 Sloan Park,Buliok
Jervis,McGinnis,871,559-104-7616,71 Washington Way,El Águila
Kris,Medgewick,872,893-486-6233,4569 Coolidge Place,Jāsk
Karisa,Flitcroft,873,690-711-3886,02 Roth Drive,Palencia
Olvan,Duigenan,874,377-373-6637,0210 Boyd Drive,Esil
Bess,Oram,875,619-646-1535,007 Lotheville Street,Loikaw
Viki,Lawty,876,845-395-6408,09631 Shoshone Avenue,Anling
Lazarus,Aviss,877,544-561-6348,6027 Bayside Circle,Simenqian
Trip,Flanders,878,629-660-8884,0918 Hazelcrest Alley,Lunsar
Pandora,Elsmere,879,327-175-3702,7102 Old Gate Junction,Gandu
Killian,Bachanski,880,685-324-0590,36742 Blue Bill Park Drive,Usicayos
Ema,Janson,881,292-281-7763,3 Walton Park,Waihi Beach
Rosalinde,Strelitzer,882,391-438-8617,313 Valley Edge Junction,Santa María del Real
Rolando,Pennyman,883,850-272-7645,76459 Park Meadow Crossing,München
Hewe,Burdikin,884,817-939-8192,69626 Schlimgen Junction,Wasogolo
Town,Bunney,885,541-147-4475,45 Tennessee Park,Miskolc
Perl,Randalson,886,223-130-4206,040 Dennis Pass,Leipsoí
Raeann,Terrington,887,407-419-3567,5 Fulton Center,Baćkowice
Lowrance,Bottleson,888,279-248-8929,31498 Schurz Pass,Yulin
Koral,Heaford,889,308-653-1775,58828 Express Pass,Tayabamba
Eal,Willoughway,890,383-446-2173,42 Elgar Street,Suqin Huimin
Alyson,Pankhurst.,891,737-853-7475,81696 Cambridge Street,Caen
Akim,Cory,892,418-347-9245,3 Dottie Trail,Cidahu
Gustaf,Dallosso,893,406-733-3809,4 Kinsman Trail,Sambong
Kesley,Burdfield,894,378-148-3196,322 Hanson Center,Haoguantun
Gates,Knok,895,909-690-5215,05 Northland Place,Boissy-Saint-Léger
Cam,Gulvin,896,165-114-0784,5 Fulton Lane,Bocowanti
Bobbee,Thurlby,897,887-873-6639,3233 Monterey Avenue,Amsterdam Nieuw West
Joyous,Joysey,898,978-567-2482,97063 Waubesa Lane,Corinto
Kristy,Martinolli,899,643-405-6226,3 Cherokee Road,Gus’-Khrustal’nyy
Crissie,Duran,900,857-810-8867,44969 Havey Hill,Carice
Melva,Purver,901,905-163-2293,5353 Hansons Street,Cajazeiras
Meridel,Biglin,902,174-141-1052,0 Oak Valley Plaza,Camasca
Hermann,Culshew,903,997-720-4035,06 Veith Hill,Mazongling
Kerry,Keeble,904,773-308-5868,2266 Amoth Alley,Kommunar
Penelope,Brome,905,823-810-9168,622 Cambridge Park,Iwanuma
Ulrich,Sired,906,412-338-9822,66116 Brickson Park Pass,Secunda
Tandie,Jowsey,907,234-366-7915,04782 East Alley,Bankaw
Saunders,Belden,908,523-365-4981,23 Talisman Crossing,Głuchołazy
Liza,Petters,909,245-263-1246,27 Stuart Trail,Tanggungrejo
Davida,Cornehl,910,391-109-3951,11 West Street,Beruniy
Rab,Arnau,911,365-365-3943,91 Veith Place,Trinity Ville
Terri-jo,Devanney,912,697-306-5204,06 Burning Wood Parkway,Zabłocie
Sibeal,Smallwood,913,365-230-1128,3340 Forest Street,Patambuco
Cymbre,Woodruffe,914,965-600-1318,0077 Claremont Alley,Tsenher
Katee,O'Cooney,915,362-921-7476,3 Old Shore Court,Huasahuasi
Terrijo,Tschierse,916,119-222-2269,17 Arkansas Road,Huanghua
Wiley,Blaza,917,751-889-4244,15299 Carpenter Point,Besao
Fin,Olek,918,955-165-6045,5 Milwaukee Terrace,Ciputih
Vern,Cool,919,444-973-4891,9 Linden Plaza,Changting
Smitty,Elbourne,920,875-224-6549,8266 Annamark Parkway,Mainang
Thorn,Ionnisian,921,524-485-7583,4 Truax Drive,Timiryazevskoye
Jaquelyn,Cornill,922,161-547-6850,7936 Hauk Trail,Yangba
Eustace,Marklew,923,345-161-9501,307 Nobel Lane,Adani
Anstice,Sara,924,528-126-1705,26 Doe Crossing Crossing,Buenavista
Ozzy,Lackemann,925,398-633-0554,00196 Hazelcrest Terrace,Prado
Meris,Eddisforth,926,223-264-9291,97105 Summer Ridge Court,Khuan Don
Hoebart,Khosa,927,776-651-3650,71671 Ruskin Way,Arroyo Naranjo
Quinlan,Bossom,928,964-166-7054,77785 Drewry Drive,Sovetskiy
Ginny,January 1st,929,108-107-4563,7 Browning Trail,Lepoglava
Yurik,Ridd,930,907-660-6818,2606 Hintze Lane,Pánormos
Zuzana,Petrowsky,931,264-139-4562,47 Clove Plaza,Kaznějov
Charis,Goodbody,932,226-412-8659,37 Bonner Plaza,Lianhe
Godiva,Meekin,933,226-480-7401,97 Kings Avenue,Dera Bugti
Frankie,Waldie,934,253-709-0266,58 Anthes Pass,Liukou
Jessie,Budge,935,513-575-8594,5 Bluestem Street,Cincinnati
Allyn,Mannie,936,953-947-3684,5 Kenwood Crossing,Tiedonglu
Caddric,Jackways,937,975-819-6194,545 Westport Park,Klenak
Annabell,Twaite,938,517-883-6885,45 Schlimgen Way,Nicoya
Donetta,Smewings,939,136-421-6778,28 Monica Junction,San Isidro
Suzette,Jaze,940,246-133-8953,13715 Bunker Hill Pass,Kinatakutan
Jeanie,McVee,941,546-705-2023,931 Wayridge Pass,Upernavik
Mickie,Spanton,942,658-314-8623,98 Service Pass,Quanling
Domingo,Salmon,943,180-556-2627,370 Fallview Court,Ibagué
Kristan,Cuddy,944,426-296-5494,61 Nobel Road,Dongshui
Loydie,Milkins,945,157-499-4291,404 Commercial Alley,Pontevedra
Tilly,Blakeway,946,179-740-4191,5 Daystar Avenue,Zumiao
Deanna,Presdee,947,357-501-2699,67381 Marcy Parkway,Nancheng
Lelah,Monnery,948,384-691-4013,5 Hagan Park,Parigi
Bryn,Odlin,949,650-738-0144,56659 Annamark Plaza,Longshan
Cristin,Kuschel,950,961-637-5267,74986 Graedel Avenue,Johor Bahru
Dulcie,Brameld,951,551-271-5216,9688 Basil Way,Nanzhihui
Jeannie,Jimenez,952,262-346-7128,28 Northfield Way,Arinos
Chauncey,Kinnaird,953,561-402-8850,2 Derek Crossing,Bang Sai
Bianka,Tisun,954,409-654-7550,83 Mayfield Plaza,Perushtitsa
Ewart,Varley,955,214-148-7938,6 Oak Valley Junction,Dallas
Janetta,Wheatley,956,109-793-6323,302 Thompson Terrace,Koktal
Leodora,Basford,957,113-994-5144,789 Steensland Avenue,Norman Wells
Kristopher,Keal,958,131-297-6817,829 Anzinger Junction,Yunxian Chengguanzhen
Novelia,Billyeald,959,959-142-5695,20191 Oriole Place,Chitré
Whitney,Cast,960,316-681-9966,5 Lakeland Park,Andahuaylillas
Theo,Gledhall,961,488-848-2698,4 Artisan Terrace,Sangalhos
Ely,Apted,962,751-888-6238,93 Twin Pines Park,Huangcun
Timmy,Eccott,963,684-130-8016,3087 Mallory Center,Baixo Guandu
Deidre,Laidel,964,951-318-2319,30 Farmco Circle,Šluknov
Ernest,Eymer,965,353-888-1135,8501 Towne Point,Caspisapa
See,Fry,966,795-113-4713,05 Clemons Street,Camplong
Aimee,Jeaves,967,170-379-3002,2019 Jenna Street,Wudui
Rudolf,Duiged,968,786-863-2068,791 Forster Street,Novyy Urgal
Edee,Gawler,969,161-321-2516,5672 Straubel Point,Žrnovo
Niven,Stango,970,836-801-6963,72 Dwight Junction,Bourg-en-Bresse
Dotty,Tarzey,971,352-592-7657,7410 Stoughton Alley,Wanjia
Truda,Potteridge,972,329-113-3378,22 Schiller Terrace,Raas
Faulkner,Kaysor,973,863-246-5999,820 Thierer Hill,Évreux
Correy,Meagh,974,719-727-4934,8 Knutson Court,Fairview
Kylie,Vahl,975,480-127-9857,52934 Longview Drive,Clorinda
Elvis,Stearn,976,992-455-4008,2778 Weeping Birch Pass,Al Bahlūlīyah
Nadean,Hulmes,977,433-755-2068,2 Heffernan Place,Kapotnya
Haslett,Kemson,978,706-749-7507,80 Spohn Plaza,Cabouco
Maggy,McCumesky,979,955-383-3515,13 Leroy Parkway,Karangsuko
Malynda,McCracken,980,727-664-6020,688 Valley Edge Alley,Monastir
Matelda,Reuben,981,561-858-3307,956 Pankratz Trail,Clondalkin
Peder,Munsey,982,282-845-9661,32361 Hauk Road,Yihe
Marie,Bramstom,983,562-284-4174,03530 Logan Parkway,Nossa Senhora de Machede
Stephannie,Carabet,984,783-957-1970,46 Valley Edge Way,Baranovichi
Nadean,Penylton,985,257-699-6977,52563 Prairie Rose Plaza,Jindou
Theodora,Pescott,986,877-880-2592,298 Stone Corner Lane,Banjar Buahan
Reggy,Dalliwatr,987,516-779-3929,680 7th Crossing,Uinskoye
Wendall,Perris,988,298-958-5027,151 Dwight Center,Klaeng
Jdavie,Jordon,989,680-923-9261,61317 Sommers Street,Saddina
Shelia,McEnery,990,353-591-3582,89920 Shelley Terrace,Sunjia Buzi
Grady,Speerman,991,399-306-5513,3273 Mariners Cove Point,Looc
Mano,Folbigg,992,504-598-0617,945 Sloan Place,Imaan
Ingrid,Barsham,993,243-288-6085,6 Golf Course Street,Köping
Fiann,Dyers,994,765-871-4775,50 Becker Parkway,Písečná
Katrina,Ipplett,995,134-617-9518,541 Dawn Crossing,Cabrobó
Stacy,Wattins,996,315-700-4504,72 Sullivan Alley,Askainen
Reggis,Abraham,997,774-591-5102,5 Carberry Alley,Nevers
Holmes,Fulger,998,255-833-1805,4 Thierer Parkway,Baoji
Derek,Barhams,999,929-949-1529,3629 Monterey Trail,Beška
Otis,Hessentaler,1000,699-228-8385,978 Truax Hill,Rumburk
