Kleon,1
Locke,1
Yardley,1
Danny,0
Hewitt,1
Tabatha,0
Maggie,0
Garland,1
Kain,1
Vidovik,1
Michaeline,1
Gianina,1
Dick,1
Lynea,0
Angelica,0
Binny,1
Coral,0
Ryan,0
Lissa,0
Ruthanne,0
Desdemona,0
Kristina,0
Levey,1
Xylina,0
Norrie,1
Sammie,0
Torre,0
Ely,0
Augustina,0
Helsa,0
Fancy,1
Blakeley,0
Else,0
Gerrie,0
Keefe,1
Alanna,0
Eda,0
Tiebout,1
Bryn,0
Hillard,1
Trumann,1
Pennie,1
Aylmar,1
Brose,0
Spense,0
Garwood,0
Cheslie,1
Garry,1
Myrle,0
Falito,1
Marnia,1
Sophia,0
Ariana,1
Sigismondo,0
Livvy,1
Orrin,0
Jasmin,1
Delmor,1
Dalt,1
Martica,0
Valentin,1
Raffaello,1
Koralle,0
Anthea,0
Grazia,1
Henryetta,1
Reinald,1
Rosie,0
Lory,1
Rey,1
Krissie,0
Brittani,1
Karlee,1
Joelly,1
Cecil,1
Chelsy,1
Cacilie,1
Janina,1
Dasi,1
Bonnibelle,1
Ariella,1
Maressa,1
Cecil,1
Paulita,1
Darbie,1
Latashia,1
Roxine,1
Crichton,0
Jayson,1
Gorden,0
Melantha,0
Amos,0
Kinna,1
Tore,0
Luz,1
Abdul,1
Elisa,0
Zelig,0
Leo,0
Kylie,1
Johnette,1
Mort,1
Lorianne,1
Conney,0
Valida,1
Joanne,1
Lee,0
Alisha,0
Margaretta,1
Ines,0
Florina,1
Myrah,1
Joyous,0
Dorian,0
Joleen,0
Roxanne,0
Marabel,0
Ellynn,0
Claudina,0
Lion,0
Lola,1
Emmalynn,0
Callean,0
Devin,0
Sigismond,0
Freeland,1
Lara,0
Jesus,1
Mitchell,1
Dominik,0
Neddie,0
Walker,1
Haskel,0
Dru,0
Johan,0
Jo,0
Grata,0
Tanner,0
Janella,0
Carlin,1
Annelise,1
Bobbee,1
Becca,0
Wallie,0
Georges,0
Drusie,1
Chucho,1
Julie,1
Elyn,1
Colly,1
Elbert,1
Kearney,1
Gallard,1
Ashia,0
Dominique,1
Becka,1
Marshall,0
Nicolis,0
Herschel,0
Duky,1
Wanda,0
Worden,0
Chandler,1
Jessey,0
Janaye,1
Margette,0
Adina,1
Linda,0
Oralie,0
Lu,0
Arlin,1
Bertrando,0
Kirstin,1
Warren,0
Doria,1
Fay,1
Clive,0
Simonne,0
Preston,1
Barbette,1
Lek,1
Rahal,0
Kate,1
Wallace,0
Gale,1
Dion,0
Ramsey,1
Clemmy,1
Jandy,1
Lindon,0
Gian,0
Grannie,1
Denney,0
Ina,0
Adelaida,1
Berty,1
Caryl,1
Alejandro,1
Sylvia,0
Mariska,0
Luca,1
Nissie,0
Logan,1
Maegan,0
Waneta,0
Boothe,1
Nil,1
Karoly,0
Mart,1
Karole,1
Annadiana,0
Carrie,0
Evania,0
Caro,1
Margot,0
Lezley,0
Georgy,0
Johanna,0
Selena,0
Elliott,0
Dorri,1
Salmon,0
Willyt,1
Minny,1
Ravid,0
Hieronymus,1
Dorothea,1
Faulkner,0
Nathanil,0
Fidelity,1
Matti,1
Samson,1
Whitby,0
Simone,1
Tandie,1
Chloris,0
Ellissa,0
Vin,1
Eddie,1
Bellanca,1
Merl,0
Ranique,1
Trula,0
Decca,0
Meryl,0
Sibel,0
Robbie,0
Portia,0
Corrina,1
Clarance,0
Torrie,1
Brittne,1
Kathye,1
Jonas,1
Hermia,1
Dulsea,0
Lotte,0
Marylynne,0
Lorry,0
Hodge,0
Barbey,0
Waylon,1
Wendeline,0
Emlynne,1
Domingo,1
Alaster,0
Fiann,0
Keefer,1
Tiff,1
Barrie,1
Callie,0
Ilaire,0
Friedrick,1
Jemima,1
Philis,1
Darby,0
Zola,0
Erroll,1
Berry,1
Quintus,0
Sherwynd,0
Amalee,0
Nanete,1
Adolphe,0
Auberta,0
Cami,0
Roma,0
Trenton,0
Renata,0
Morganica,0
Jenny,1
Caron,1
Obadias,0
Cathe,0
Charisse,1
Liam,1
Cobby,0
Pen,1
Ramsey,0
Reine,1
Mina,0
Hervey,1
Aymer,1
Matthias,1
Lyn,0
Lurleen,0
Tamma,1
Vernon,0
Lucina,1
Thaxter,1
Trever,1
Ashla,0
Denice,0
Janean,1
Stephi,1
Barthel,1
Gretna,1
Nanny,0
Corrianne,1
Berkie,0
Patty,0
Laughton,1
Carson,0
Fowler,0
Aldon,1
Desmund,0
Dal,0
Misti,0
Kristien,0
Donovan,1
Jean,0
Andie,0
Jude,1
Bonnee,0
Eleanora,0
Marion,1
Philipa,0
Helen,0
Borg,0
Claudelle,1
Abbey,0
Keefe,0
Wallace,0
Koral,1
Lorianna,1
Annmarie,1
Rossy,1
Timothee,0
Brittani,1
Sharity,1
Maryjane,0
Bernadine,0
Ted,0
Kimberly,1
Chelsy,1
Cirillo,0
Gustave,1
Dolley,1
Cinda,0
Elmore,1
Layney,0
Dory,1
Ellswerth,0
Kelby,1
Renado,1
Boycie,0
Alyssa,1
Rollin,1
Constancia,1
Mary,0
Genny,0
Margette,1
Gideon,1
Joan,1
Jecho,1
Jobey,1
Harwell,0
Hillary,0
Milissent,0
Reece,1
Sigfrid,1
Madelin,0
Florian,1
Wiley,0
Witty,1
Briano,1
Ludovico,1
Ray,0
Niel,0
Cliff,1
Jordon,0
Saunders,1
Constantino,1
Prescott,0
Gerick,1
Celene,0
Herbert,1
Rodolph,0
Roseanne,1
Stewart,1
Halley,1
Desiri,1
Roxi,1
Eran,1
Callida,0
Eleonore,0
Ashien,1
Tonie,1
Olivero,0
Annmarie,1
Ewan,1
Phaidra,1
Karlyn,0
Sayer,0
Darya,1
Zebulen,0
Marielle,1
Tallou,1
Andra,1
Sol,1
Chickie,0
Gasper,1
Meredithe,0
Yul,0
Sabrina,0
Mia,0
Gertrudis,0
Peder,0
Maryann,0
Janelle,1
Christin,1
Neron,1
Tuck,1
Maura,0
Hayward,0
Cullan,0
Janaya,0
Letisha,1
Meriel,0
Louis,0
Stephannie,0
Kittie,1
Dita,1
Rosabella,0
Webb,1
Bret,1
Vivian,1
Lucille,1
Michaeline,0
Pierson,0
Saidee,0
Willy,1
Fay,0
Sterling,1
Jacquenette,0
Corette,0
Jaimie,0
Zelig,0
Iggy,0
Edlin,0
Huntlee,0
Hanny,0
Margy,0
Dukie,0
Farleigh,0
Garik,1
Reba,0
Emmy,0
Chelsey,0
Marcello,1
Jamey,0
Mag,0
Bethanne,0
Tad,1
Gisella,1
Gualterio,0
Mano,1
Fae,1
Humfrey,1
Hort,1
Marja,0
Nefen,0
Huey,1
Danella,1
Catina,1
Doralin,1
Alaster,1
Carr,0
Sergei,0
Craggy,1
Allene,0
Nap,1
Saunder,1
Margo,1
Rosamund,1
Quintus,0
Kristo,0
Marilin,1
Page,0
Vanya,0
Camella,0
Banky,1
Averill,0
Pepi,1
Madel,0
Adolpho,0
Loren,0
Perren,1
Palmer,1
Artus,0
Thayne,0
Lynette,1
Flori,1
Duffy,0
Alene,0
Peadar,0
Pam,0
Nessi,0
Pavlov,1
Janaya,0
Zared,1
Dunn,0
Anatol,1
Noble,1
Jere,0
Nigel,0
Lucille,0
Morie,1
Shelbi,0
Zorah,1
Opaline,0
Kerianne,0
Dulcia,1
Verile,1
Fritz,0
Laurice,1
Kary,1
Aviva,1
Gipsy,0
Giffie,1
Carlita,0
Howie,0
Mellisa,1
Arvy,0
Lenka,1
Gaston,0
Ilyssa,1
Monti,0
Kathryne,0
Roddy,1
Duff,0
Ringo,0
Ede,0
Cassi,1
Tobin,0
Raddie,0
Cassie,1
Tara,1
Edouard,1
Kathye,1
Marcellina,1
Ricki,0
De,1
Cathe,1
Valaria,1
Hanna,0
Gwenni,1
Tristan,1
Say,0
Irma,0
Shandee,1
Roland,1
Abbye,1
Cordie,1
Bellanca,0
Delphinia,0
Emmy,0
Gradeigh,1
Isidore,0
Conney,1
Sibley,1
Sayre,1
Petronella,0
Glynnis,0
Leese,1
Mathias,0
Errol,0
Nealy,1
D'arcy,1
Tildi,0
Bram,1
Delphinia,0
Cynthy,0
Weylin,0
Anselma,0
Tamera,1
Gian,1
Floris,0
Colene,1
Welbie,0
Simone,1
Skipp,1
Wrennie,1
Emyle,0
Wake,1
Prudence,0
Claiborne,1
Charley,1
Truda,1
Verla,0
Amii,0
Bord,0
Concordia,0
Paton,1
Joana,0
Cleon,0
Woodman,0
Nert,0
Bernadette,0
Jamaal,1
Lorne,0
Wilek,1
Sandy,1
Irwinn,1
Susi,1
Shermy,0
Pall,0
Ian,0
Willi,0
Barbra,1
Hi,0
Ondrea,1
Ella,0
Clementina,1
Ricki,1
Rennie,0
Perrine,1
Helaine,0
Rayner,1
Maximo,1
Dunc,1
Guendolen,1
Mair,0
April,0
Yetta,0
Oliy,1
Elnora,0
Bertrand,1
Leia,1
Legra,0
Chase,1
Kate,1
Ermentrude,0
Briny,1
Angie,1
Yvon,1
Milzie,0
Aurelia,0
Genevra,0
Allix,1
Ophelie,1
Isidro,1
Harwell,1
Heinrick,0
Angel,0
Michaeline,0
Cyrill,0
Lexis,1
Kelly,0
Selig,0
Ronny,1
Catriona,0
Karil,1
Bernette,1
Hannie,0
Jamil,0
Zarah,0
Marita,0
Arther,0
Pen,1
Stewart,1
Gideon,1
Hetti,1
Deni,1
Karleen,1
Rosemary,1
Joannes,1
Martelle,0
Jonah,1
Tommi,1
Harri,1
Siegfried,1
Franz,0
Jillane,0
Torey,0
Bordie,1
Joya,0
Valdemar,1
Jennica,0
Lacie,0
Cally,1
Kerrin,1
Walliw,1
Alasteir,0
Bartholomeo,1
Cristine,0
Othella,0
Tuckie,0
Hurleigh,0
Loni,0
Dewitt,1
Josey,1
Valentijn,1
Micah,0
Ericka,1
Sapphire,1
Gwenora,0
Clementine,1
Katrinka,0
Kermie,1
Chen,1
Filippo,1
Albrecht,0
Amble,1
Sibley,1
Alfie,1
Bjorn,0
Donaugh,1
Rosmunda,1
Reginald,0
Fernanda,1
Nicolina,1
Burg,0
Jilli,1
Sena,1
Henrieta,0
Bernhard,1
Susie,0
Alvina,1
Jody,1
Garvy,0
Rheta,0
Prent,0
Elenore,1
Luciano,0
Maudie,0
Red,1
Ardyce,0
Mal,1
Benson,1
Tami,0
Ansel,1
Min,0
Gavra,0
Katalin,0
Amity,1
Tobin,1
Grange,0
Kathlin,1
Stanly,1
Gav,1
Fleurette,1
Arie,1
Jarrad,0
Jacquetta,0
Nicholle,0
Molli,0
Isiahi,1
Mia,1
Monte,1
Keefe,1
Karen,0
Suzy,0
Al,1
Veronika,0
Guillema,0
Roselin,0
Liliane,0
Norry,0
Caril,0
Hedvige,1
Guillermo,1
Camila,0
Lolly,0
Balduin,0
Aldin,1
Jillian,0
Rodrigo,1
Sissie,0
Forest,1
Ernest,1
Justinian,1
Trudey,0
Kristofer,0
Elliot,0
Bryn,1
Haven,1
Cindee,1
Armando,0
Jessey,1
Nicolais,1
Giustina,1
Melosa,1
Flin,0
Cleavland,0
Mignonne,0
Jeremiah,1
Adan,0
Lorie,0
Adam,0
Ali,0
Weylin,1
Gracie,0
Chrissie,1
Abbie,0
Rory,1
Mile,1
Happy,1
Gerry,0
Lezley,0
Massimo,1
Noelle,1
Scotti,0
Geri,0
Clarie,1
Keefe,1
Etheline,0
Blane,0
Caritta,1
Kimberley,1
Annmarie,1
Edd,0
Nikkie,1
Chaim,0
Peadar,0
Hobart,0
Wandis,0
Sindee,0
Sal,0
Francene,1
Eli,1
Bari,0
Tanhya,0
Olenka,1
Roarke,0
Luce,0
Lyndsay,1
Costanza,1
Braden,1
Carmon,1
Nadia,0
Ingaberg,0
Marcy,1
Pearce,1
Margret,1
Bengt,0
Fredia,0
Darnell,0
Lexine,1
Towney,1
Jessica,0
Barnebas,0
Janessa,1
Adolf,0
Tara,1
Daryl,1
Patti,1
Elenore,1
Lesley,1
Fedora,0
Jean,0
Bab,1
Yorgo,0
Nicole,1
Kristien,0
Consalve,0
Kristyn,1
Mabel,1
Octavius,0
Hadrian,0
Grissel,1
Andree,1
Ermin,1
Rosella,0
Irvine,0
Puff,1
Poppy,1
Marcille,0
Sadye,1
Freddie,0
Mirabella,1
Layney,0
Job,0
Inna,1
Aili,0
Remy,1
Ediva,1
Jory,0
Hugibert,1
Jolyn,0
Pris,1
Starlin,1
Pooh,0
Matty,1
Kerry,1
Janela,1
Albertina,0
Cammy,1
Rog,0
Pegeen,1
Michele,1
Yehudit,0
Nathanil,0
Lindon,1
Marcia,0
Neville,0
Codie,0
Kaleb,0
Doe,1
Stanton,1
Anatola,0
Madelina,0
Domini,0
Elfrida,0
Haleigh,0
Carey,0
Analiese,0
Nathalie,0
Taylor,1
Efren,0
Luelle,0
Lay,0
Camella,1
Shawn,1
Baird,0
Nonna,1
Cicely,0
Reinaldos,0
Myrtle,0
Lorelle,0
Marla,1
Clarice,1
Lindsy,1
Annice,1
Pascal,0
Felicio,1
Bentley,0
Haleigh,0
Casey,1
Marcos,0
Dalenna,1
Christean,1
Waly,0
Bram,0
Nahum,0
Lisle,0
Odette,1
Carmel,0
Suellen,1
Cherida,0
Pen,0
Lynna,1
Salaidh,0
Richart,0
Merwin,1
Sonnnie,0
Omero,1
Jamima,0
Jacinthe,0
Rosanne,1
Gibbie,1
Bayard,1
Lizette,1
Fredrika,1
Arlen,1
Meier,0
Yardley,0
Micki,0
Ingra,1
Kakalina,1
Sergio,1
Mikael,0
Dulcea,1
Lavina,1
Lizbeth,0
Nike,1
Frederic,0
Rand,0
Gillian,0
Celestyn,1
Rosalynd,0
Dill,0
Kiah,0
Jolynn,1
Trisha,0
Adel,1
Barbara-anne,0
Zach,1
Britt,1
Ernestine,1
